agent,agent_title,tier,kind,key,theme,question,result,note,benchmark,expected_answer,agent_url
account_planning,APAC Genie - Account Planning,RM Workbench,starter,S1,,"Give me the account-plan status for the Kinokawa Precision group: FY2026 target vs H1 actual by product family, and the full-year run-rate.",matches,Same rows and figures.,Q1,"7 rows: Cash: original target USD 3.29m, revised target USD 2.40m, target in force USD 2.40m, H1 actual USD 1.51m; Corporate Lending: original target USD 3.06m, revised target USD 2.23m, target in force USD 2.23m, H1 actual USD 239k; FX: original target USD 749k, revised target USD 546k, target in force USD 546k, H1 actual USD 335k; …",https://my-workspace.cloud.databricks.com/genie/rooms/my-agent-id
account_planning,APAC Genie - Account Planning,RM Workbench,starter,S2,,"Which Strategic-tier groups are below 40% plan attainment at H1, by coverage office and RM?",matches,Same rows and figures.,Q2,"6 rows: TH · Chen Vo · Visayan Energy Group: attainment H1 33.0%, revenue H1 USD 393k, target USD 1.19m; HK · Siti Devi · Jelita Property Holdings: attainment H1 35.0%, revenue H1 USD 1.09m, target USD 3.11m; SG · Wei Vo · Mekong Energy Holdings: attainment H1 35.3%, revenue H1 USD 20k, target USD 56k; …",https://my-workspace.cloud.databricks.com/genie/rooms/my-agent-id
account_planning,APAC Genie - Account Planning,RM Workbench,starter,S3,,"Show the global relationship with Hayashi Marine Logistics - exposure, deposits and revenue by region including Japan, EMEA and Americas.",matches,Same rows and figures.,Q4,"4 rows: AMER: entities 3, committed USD 203.2m, drawn USD 130.1m, deposits USD 41.2m, revenue 12M USD 2.74m; APAC: entities 6, committed USD 152.7m, drawn USD 126.7m, deposits USD 205.7m, revenue 12M USD 4.64m; EMEA: entities 4, committed USD 195.2m, drawn USD 129.2m, deposits USD 252.0m, revenue 12M USD 4.18m; …",https://my-workspace.cloud.databricks.com/genie/rooms/my-agent-id
account_planning,APAC Genie - Account Planning,RM Workbench,starter,S4,,Which Tanaka Chemical entities hold nothing but deposits with us?,matches,Same rows and figures.,Q3,"2 rows: Tanaka Chemical (Hong Kong) (HK) Ltd · HK: products held 14, deposit only entity 0, deposits USD 677k, lending drawn USD 871k; Tanaka Chemical (Singapore) Pte Ltd · SG: products held 15, deposit only entity 0, deposits USD 1.46m, lending drawn USD 55.8m",https://my-workspace.cloud.databricks.com/genie/rooms/my-agent-id
account_planning,APAC Genie - Account Planning,RM Workbench,starter,S5,,Where is our share of wallet lowest by segment and product family in FY2025?,answered but differs,"Genie ranks all 33 segment and product-family pairs, lowest first; its first 10 rows are exactly the benchmark's 10 lowest.",Q5,"10 rows: Sponsor & Structured Finance · Supply Chain Finance: wallet USD 220k, share of wallet 0.0%; Japanese Corporate · Supply Chain Finance: wallet USD 109.4m, share of wallet 3.1%; Non-Japanese Large Corporate · Supply Chain Finance: wallet USD 44.4m, share of wallet 6.0%; …",https://my-workspace.cloud.databricks.com/genie/rooms/my-agent-id
account_planning,APAC Genie - Account Planning,RM Workbench,starter,S6,,Which Strategic clients have had no RM contact in the last 90 days?,matches,Genie shows 3 of the benchmark's 4 columns (not shown: days since last contact); adds 2 columns.,Q6,20 rows: Luzon Telecom Holdings Trading (Singapore) Pte Ltd · Luzon Telecom Holdings · Budi Ito: days since last contact 321; Konabe Auto Parts (Ho Chi Minh City) Co Ltd · Konabe Auto Parts · Tomo Putra: days since last contact 310; Fuwa Heavy Industries Manufacturing (Singapore) Pte Ltd · Fuwa Heavy Industries · Hideo Vo: days since last contact 310; …,https://my-workspace.cloud.databricks.com/genie/rooms/my-agent-id
account_planning,APAC Genie - Account Planning,RM Workbench,starter,S7,,"RM book summary: for each RM in Singapore, number of groups, revenue YTD and attainment.",matches,Same rows and figures.,Q7,"6 rows: Chen Watanabe: groups 4, revenue YTD USD 1.25m, attainment 49.3%; Sofia Goh: groups 2, revenue YTD USD 903k, attainment 41.2%; Budi Tan: groups 3, revenue YTD USD 788k, attainment 53.2%; …",https://my-workspace.cloud.databricks.com/genie/rooms/my-agent-id
account_planning,APAC Genie - Account Planning,RM Workbench,starter,S8,,List account-plan initiatives still open for Q3 FY2026 by RM.,matches,Same rows and figures.,Q10,"49 rows: Sofia Oka: open initiatives due Q3 5, target revenue USD 138k, open initiatives FY2026 6, overdue initiatives FY2026 0; Ken Goh: open initiatives due Q3 4, target revenue USD 2.18m, open initiatives FY2026 8, overdue initiatives FY2026 0; Tomo Putra: open initiatives due Q3 4, target revenue USD 224k, open initiatives FY2026 5, overdue initiatives FY2026 0; …",https://my-workspace.cloud.databricks.com/genie/rooms/my-agent-id
account_planning,APAC Genie - Account Planning,RM Workbench,must-answer,Q1,Plan versus actual,"Give me the account-plan status for the Kinokawa Precision group: FY2026 target vs H1 actual by product family, and the full-year run-rate (original, revised and in-force targets, H1 actual, run-rate and attainment).",passed,,,"7 rows: Cash: original target USD 3.29m, revised target USD 2.40m, target in force USD 2.40m, H1 actual USD 1.51m; Corporate Lending: original target USD 3.06m, revised target USD 2.23m, target in force USD 2.23m, H1 actual USD 239k; FX: original target USD 749k, revised target USD 546k, target in force USD 546k, H1 actual USD 335k; …",https://my-workspace.cloud.databricks.com/genie/rooms/my-agent-id
account_planning,APAC Genie - Account Planning,RM Workbench,variant,Q1-casual,Plan versus actual,how is kinokawa precision tracking against its account plan this year?,passed,,Q1,"7 rows (largest H1 actual first): Cash: H1 actual USD 1.51m, attainment 63.0%; Liquidity: H1 actual USD 1.15m, attainment 65.1%; Trade Finance: H1 actual USD 643k, attainment 65.9%; …",https://my-workspace.cloud.databricks.com/genie/rooms/my-agent-id
account_planning,APAC Genie - Account Planning,RM Workbench,variant,Q1-abbrev,Plan versus actual,Kinokawa Precision FY26 plan vs H1 actual and run-rate by product family,passed,,Q1,"7 rows (largest H1 actual first): Cash: H1 actual USD 1.51m, full year run rate USD 3.02m; Liquidity: H1 actual USD 1.15m, full year run rate USD 2.29m; Trade Finance: H1 actual USD 643k, full year run rate USD 1.29m; …",https://my-workspace.cloud.databricks.com/genie/rooms/my-agent-id
account_planning,APAC Genie - Account Planning,RM Workbench,must-answer,Q2,Plan versus actual,"Which Strategic-tier groups are below 40% plan attainment at H1 FY2026, by coverage office and RM? Show attainment, H1 revenue and the target in force.",passed,,,"6 rows: TH · Chen Vo · Visayan Energy Group: attainment H1 33.0%, revenue H1 USD 393k, target USD 1.19m; HK · Siti Devi · Jelita Property Holdings: attainment H1 35.0%, revenue H1 USD 1.09m, target USD 3.11m; SG · Wei Vo · Mekong Energy Holdings: attainment H1 35.3%, revenue H1 USD 20k, target USD 56k; …",https://my-workspace.cloud.databricks.com/genie/rooms/my-agent-id
account_planning,APAC Genie - Account Planning,RM Workbench,variant,Q2-jargon,Plan versus actual,"Strategic names running below 40% of plan at the half-year - by office and plan RM, with attainment, H1 revenue and target",passed,,Q2,"6 rows: TH · Chen Vo · Visayan Energy Group: attainment H1 33.0%, revenue H1 USD 393k, target USD 1.19m; HK · Siti Devi · Jelita Property Holdings: attainment H1 35.0%, revenue H1 USD 1.09m, target USD 3.11m; SG · Wei Vo · Mekong Energy Holdings: attainment H1 35.3%, revenue H1 USD 20k, target USD 56k; …",https://my-workspace.cloud.databricks.com/genie/rooms/my-agent-id
account_planning,APAC Genie - Account Planning,RM Workbench,must-answer,Q3,Relationship footprint,"Which Tanaka Chemical group entities hold nothing but deposits with us? For each entity show its coverage office, products held today, whether it is deposit-only, deposits and drawn lending.",passed,,,"2 rows: Tanaka Chemical (Hong Kong) (HK) Ltd · HK: products held 14, deposit only entity 0, deposits USD 677k, lending drawn USD 871k; Tanaka Chemical (Singapore) Pte Ltd · SG: products held 15, deposit only entity 0, deposits USD 1.46m, lending drawn USD 55.8m",https://my-workspace.cloud.databricks.com/genie/rooms/my-agent-id
account_planning,APAC Genie - Account Planning,RM Workbench,must-answer,Q3b,Relationship footprint,"What products does the Tanaka Chemical group hold with us across APAC today, by product family and product? Show the number of entities holding each, deposits, drawn lending and 12-month TB volume.",passed,,,"16 rows: Cash · Current Account: entities holding 2, deposits USD 1.26m, lending drawn USD 0, TB volume 12M USD 0; Cash · Savings Account: entities holding 2, deposits USD 61k, lending drawn USD 0, TB volume 12M USD 0; Corporate Lending · Revolving Credit Facility: entities holding 1, deposits USD 0, lending drawn USD 55.8m, TB volume 12M USD 0; …",https://my-workspace.cloud.databricks.com/genie/rooms/my-agent-id
account_planning,APAC Genie - Account Planning,RM Workbench,must-answer,Q4,The global group view,"Show the global relationship with Hayashi Marine Logistics - entities, committed, drawn exposure, deposits and 12-month revenue by region including Japan, EMEA and Americas.",passed,,,"4 rows: AMER: entities 3, committed USD 203.2m, drawn USD 130.1m, deposits USD 41.2m, revenue 12M USD 2.74m; APAC: entities 6, committed USD 152.7m, drawn USD 126.7m, deposits USD 205.7m, revenue 12M USD 4.64m; EMEA: entities 4, committed USD 195.2m, drawn USD 129.2m, deposits USD 252.0m, revenue 12M USD 4.18m; …",https://my-workspace.cloud.databricks.com/genie/rooms/my-agent-id
account_planning,APAC Genie - Account Planning,RM Workbench,variant,Q4-typo,The global group view,"global relationshp with Hayashi Marine Logistcs by region incl Japan, EMEA and Americas",passed,,Q4,"4 rows (largest deposits first): JP: deposits USD 1.91bn, revenue 12M USD 8.49m; EMEA: deposits USD 252.0m, revenue 12M USD 4.18m; APAC: deposits USD 205.7m, revenue 12M USD 4.64m; …",https://my-workspace.cloud.databricks.com/genie/rooms/my-agent-id
account_planning,APAC Genie - Account Planning,RM Workbench,must-answer,Q5,Wallet and revenue growth,Our share of wallet by segment and product family in FY2025 - where is it lowest? Show the 10 lowest segment and product-family combinations with their estimated wallet.,passed,,,"10 rows: Sponsor & Structured Finance · Supply Chain Finance: wallet USD 220k, share of wallet 0.0%; Japanese Corporate · Supply Chain Finance: wallet USD 109.4m, share of wallet 3.1%; Non-Japanese Large Corporate · Supply Chain Finance: wallet USD 44.4m, share of wallet 6.0%; …",https://my-workspace.cloud.databricks.com/genie/rooms/my-agent-id
account_planning,APAC Genie - Account Planning,RM Workbench,variant,Q5-jargon,Wallet and revenue growth,FY25 SoW by segment x product family - bottom 10 with wallet size,passed,,Q5,"10 rows: Sponsor & Structured Finance · Supply Chain Finance: wallet USD 220k, share of wallet 0.0%; Japanese Corporate · Supply Chain Finance: wallet USD 109.4m, share of wallet 3.1%; Non-Japanese Large Corporate · Supply Chain Finance: wallet USD 44.4m, share of wallet 6.0%; …",https://my-workspace.cloud.databricks.com/genie/rooms/my-agent-id
account_planning,APAC Genie - Account Planning,RM Workbench,must-answer,Q6,RM coverage,"Which Strategic clients have had no RM contact in the last 90 days? List each legal entity with its group, primary RM and days since the last contact.",passed,,,20 rows: Luzon Telecom Holdings Trading (Singapore) Pte Ltd · Luzon Telecom Holdings · Budi Ito: days since last contact 321; Konabe Auto Parts (Ho Chi Minh City) Co Ltd · Konabe Auto Parts · Tomo Putra: days since last contact 310; Fuwa Heavy Industries Manufacturing (Singapore) Pte Ltd · Fuwa Heavy Industries · Hideo Vo: days since last contact 310; …,https://my-workspace.cloud.databricks.com/genie/rooms/my-agent-id
account_planning,APAC Genie - Account Planning,RM Workbench,must-answer,Q6b,RM coverage,"How many Strategic clients have had no RM contact in 90 days, how many Strategic-tier entities have no CRM account at all, and how many CRM clients in total have not been contacted in 90 days?",passed,,,"1 row: strategic CRM clients not touched 90D 20, strategic entities without CRM account 360, CRM clients not touched 90D 239",https://my-workspace.cloud.databricks.com/genie/rooms/my-agent-id
account_planning,APAC Genie - Account Planning,RM Workbench,must-answer,Q7,Plan versus actual,"RM book summary: for each RM in Singapore, the number of groups, revenue YTD and attainment.",passed,,,"6 rows: Chen Watanabe: groups 4, revenue YTD USD 1.25m, attainment 49.3%; Sofia Goh: groups 2, revenue YTD USD 903k, attainment 41.2%; Budi Tan: groups 3, revenue YTD USD 788k, attainment 53.2%; …",https://my-workspace.cloud.databricks.com/genie/rooms/my-agent-id
account_planning,APAC Genie - Account Planning,RM Workbench,variant,Q7-abbrev,Plan versus actual,"SG RM book - groups, rev YTD, attainment per RM",passed,,Q7,"6 rows: Chen Watanabe: groups 4, revenue YTD USD 1.25m, attainment 49.3%; Sofia Goh: groups 2, revenue YTD USD 903k, attainment 41.2%; Budi Tan: groups 3, revenue YTD USD 788k, attainment 53.2%; …",https://my-workspace.cloud.databricks.com/genie/rooms/my-agent-id
account_planning,APAC Genie - Account Planning,RM Workbench,must-answer,Q8,Wallet and revenue growth,Which Japanese-corporate groups grew revenue more than 20% YoY and which fell more than 15%? Break down by product family with H1 FY2026 and H1 FY2025 revenue and growth.,passed,,,"426 rows: Fell > 15% · Kisaragi Construction: group YoY -68.1%, revenue H1 FY2026 USD 10k, revenue H1 FY2025 USD 10k, family YoY 1.6%; Fell > 15% · Kisaragi Construction: group YoY -68.1%, revenue H1 FY2026 USD 0, revenue H1 FY2025 USD 46k, family YoY -100.0%; Fell > 15% · Kisaragi Construction: group YoY -68.1%, revenue H1 FY2026 USD 0, revenue H1 FY2025 USD 0, family YoY –; …",https://my-workspace.cloud.databricks.com/genie/rooms/my-agent-id
account_planning,APAC Genie - Account Planning,RM Workbench,must-answer,Q9,Relationship footprint,"For groups where APAC is less than 20% of global group revenue, what is the APAC product footprint vs the rest of the group? By product family show the number of groups, 12-month revenue, drawn and deposits.",passed,,,"16 rows: APAC · Cash: groups 51, revenue 12M USD 26.0m, drawn USD 0, deposits USD 1.41bn; APAC · Liquidity: groups 52, revenue 12M USD 6.89m, drawn USD 0, deposits USD 744.7m; APAC · Corporate Lending: groups 33, revenue 12M USD 6.37m, drawn USD 331.6m, deposits USD 0; …",https://my-workspace.cloud.databricks.com/genie/rooms/my-agent-id
account_planning,APAC Genie - Account Planning,RM Workbench,must-answer,Q10,Plan versus actual,"List account-plan initiatives still open for Q3 FY2026 by RM: open initiatives due in the quarter and their target revenue, plus each RM's open and overdue FY2026 initiatives.",passed,,,"49 rows: Sofia Oka: open initiatives due Q3 5, target revenue USD 138k, open initiatives FY2026 6, overdue initiatives FY2026 0; Ken Goh: open initiatives due Q3 4, target revenue USD 2.18m, open initiatives FY2026 8, overdue initiatives FY2026 0; Tomo Putra: open initiatives due Q3 4, target revenue USD 224k, open initiatives FY2026 5, overdue initiatives FY2026 0; …",https://my-workspace.cloud.databricks.com/genie/rooms/my-agent-id
account_planning,APAC Genie - Account Planning,RM Workbench,follow-up,F1,after S1,Now show the same for the Tanaka Chemical group.,matches,"answered in the same conversation (7 rows), context kept",,,https://my-workspace.cloud.databricks.com/genie/rooms/my-agent-id
opportunity_identification,APAC Genie - Opportunity Identification,RM Workbench,starter,S1,,"Top 25 open opportunities by estimated revenue across APAC, with signal type, RM and days open.",matches,Same rows and figures.,Q1,"25 rows: Akatsuki Motor Trading (Seoul) Co Ltd · CAPEX_NEWS · Sofia Zhang · 29 Sep 2026: estimated revenue USD 4.80m, days open 1; Kinokawa Precision (Singapore) Pte Ltd · LOAN_SERVICE_TO_OTHER_BANK · Ken Goh · 5 Feb 2026: estimated revenue USD 4.40m, days open 237; KONABE PRECISION GROUP (SHANGHtI) · FACILITY_MATURING_12M · Hana Reddy · 26 Jun 2026: estimated revenue USD 3.68m, days open 96; …",https://my-workspace.cloud.databricks.com/genie/rooms/my-agent-id
opportunity_identification,APAC Genie - Opportunity Identification,RM Workbench,starter,S2,,"Which clients are paying USD/JPY or USD/VND through other banks, and how much flow?",matches,Same rows and figures.,Q2,"145 rows: Sakaida Prime Semiconductor (Hong Kong) Ltd · USD/JPY: FX flow via other banks 12M USD 37.7m, signals 5; Kinokawa Precision (Ho Chi Minh City) Co Ltd · USD/VND: FX flow via other banks 12M USD 36.0m, signals 1; Sakaida Prime Semiconductor (Hong Kong) Ltd · USD/VND: FX flow via other banks 12M USD 26.5m, signals 4; …",https://my-workspace.cloud.databricks.com/genie/rooms/my-agent-id
opportunity_identification,APAC Genie - Opportunity Identification,RM Workbench,starter,S3,,Clients with a deposit surplus signal in the last 60 days that have no time-deposit or investment product with us.,matches,"Genie shows 2 of the benchmark's 4 columns (not shown: detected date, Status); adds 4 columns.",Q3,2 rows: Konabe Steel (Shanghai) Co Ltd · 7 Sep 2026 · Open: surplus USD 4.50m; Suvarna Credit (Jakarta) PT · 10 Sep 2026 · Open: surplus USD 1.03m,https://my-workspace.cloud.databricks.com/genie/rooms/my-agent-id
opportunity_identification,APAC Genie - Opportunity Identification,RM Workbench,starter,S4,,Which groups have facilities maturing in the next 12 months with no refinancing opportunity in the pipeline?,matches,Same rows and figures.,Q4,"27 rows: Konabe Precision Group: maturing facility signals 1, maturing amount USD 142.5m; Akatsuki Motor: maturing facility signals 1, maturing amount USD 57.0m; Suvarna Asset Management: maturing facility signals 1, maturing amount USD 26.0m; …",https://my-workspace.cloud.databricks.com/genie/rooms/my-agent-id
opportunity_identification,APAC Genie - Opportunity Identification,RM Workbench,starter,S5,,Product penetration gap vs peers for Japanese automotive-parts subsidiaries - which products are under-penetrated?,matches,Genie adds 4 columns.,Q5,"11 rows: Term Loan: clients 44, penetration 2.3%, peer penetration 2.3%, clients with gap vs peers 0; Guarantee / SBLC: clients 44, penetration 18.2%, peer penetration 18.2%, clients with gap vs peers 0; Export LC: clients 44, penetration 18.2%, peer penetration 18.2%, clients with gap vs peers 0; …",https://my-workspace.cloud.databricks.com/genie/rooms/my-agent-id
opportunity_identification,APAC Genie - Opportunity Identification,RM Workbench,starter,S6,,Next-best-product: top 20 clients by propensity for supply chain finance and the main drivers.,matches,Same rows and figures.,Q6,"20 rows: Kinokawa Precision (Ho Chi Minh City) Co Ltd · Supply Chain Finance · Trade corridor CN->VN up 50% YoY | SCF anchor candidate (Jul-2026) ...: Propensity Rank 100.0%, propensity 0.893; Kinokawa Precision (Singapore) Pte Ltd · Supply Chain Finance · Trade corridor CN->VN up 50% YoY | SCF anchor candidate (Jul-2026) ...: Propensity Rank 100.0%, propensity 0.706; KONABE PRECISION GROUP (SHANGHtI) · Supply Chain Finance · SCF anchor candidate (Jul-2026) | Industrials importer-exporter pro...: Propensity Rank 300.0%, propensity 0.488; …",https://my-workspace.cloud.databricks.com/genie/rooms/my-agent-id
opportunity_identification,APAC Genie - Opportunity Identification,RM Workbench,starter,S7,,"Opportunities created from trade-corridor-growth signals into Vietnam and India this fiscal year, and their conversion rate.",matches,Same rows and figures.,Q7,"2 rows: IN: created 8, closed 5, won 4, win rate 80.0%; VN: created 6, closed 5, won 2, win rate 40.0%",https://my-workspace.cloud.databricks.com/genie/rooms/my-agent-id
opportunity_identification,APAC Genie - Opportunity Identification,RM Workbench,starter,S8,,"Pipeline by expected close quarter and stage for H2 FY2026, weighted value by product.",matches,Same rows and figures.,Q9,"62 rows: FY2026-Q3 · Negotiation · Term Loan: open opportunities 9, pipeline amount USD 206.5m, weighted pipeline USD 144.6m; FY2026-Q3 · Negotiation · Sustainability-Linked Loan: open opportunities 6, pipeline amount USD 111.6m, weighted pipeline USD 78.1m; FY2026-Q3 · Negotiation · Cash Management Mandate: open opportunities 7, pipeline amount USD 64.6m, weighted pipeline USD 45.2m; …",https://my-workspace.cloud.databricks.com/genie/rooms/my-agent-id
opportunity_identification,APAC Genie - Opportunity Identification,RM Workbench,must-answer,Q1,Open opportunities and signals,"Top 25 open opportunities by estimated revenue across APAC, with signal type, RM, detection date and days open.",passed,,,"25 rows: Akatsuki Motor Trading (Seoul) Co Ltd · CAPEX_NEWS · Sofia Zhang · 29 Sep 2026: estimated revenue USD 4.80m, days open 1; Kinokawa Precision (Singapore) Pte Ltd · LOAN_SERVICE_TO_OTHER_BANK · Ken Goh · 5 Feb 2026: estimated revenue USD 4.40m, days open 237; KONABE PRECISION GROUP (SHANGHtI) · FACILITY_MATURING_12M · Hana Reddy · 26 Jun 2026: estimated revenue USD 3.68m, days open 96; …",https://my-workspace.cloud.databricks.com/genie/rooms/my-agent-id
opportunity_identification,APAC Genie - Opportunity Identification,RM Workbench,variant,Q1-casual,Open opportunities and signals,what are the biggest open opportunities right now? top 25 by estimated revenue,passed,,Q1,25 rows: Akatsuki Motor Trading (Seoul) Co Ltd · CAPEX_NEWS: estimated revenue USD 4.80m; Kinokawa Precision (Singapore) Pte Ltd · LOAN_SERVICE_TO_OTHER_BANK: estimated revenue USD 4.40m; KONABE PRECISION GROUP (SHANGHtI) · FACILITY_MATURING_12M: estimated revenue USD 3.68m; …,https://my-workspace.cloud.databricks.com/genie/rooms/my-agent-id
opportunity_identification,APAC Genie - Opportunity Identification,RM Workbench,must-answer,Q2,Flows we do not capture,"Which clients are paying USD/JPY or USD/VND through other banks (FX flow we do not capture), and how much flow? Show client, currency pair, the latest 12-month flow and the number of signals.",passed,,,"145 rows: Sakaida Prime Semiconductor (Hong Kong) Ltd · USD/JPY: FX flow via other banks 12M USD 37.7m, signals 5; Kinokawa Precision (Ho Chi Minh City) Co Ltd · USD/VND: FX flow via other banks 12M USD 36.0m, signals 1; Sakaida Prime Semiconductor (Hong Kong) Ltd · USD/VND: FX flow via other banks 12M USD 26.5m, signals 4; …",https://my-workspace.cloud.databricks.com/genie/rooms/my-agent-id
opportunity_identification,APAC Genie - Opportunity Identification,RM Workbench,variant,Q2-typo,Flows we do not capture,clients paying USD/JPY or USD/VND thru other banks - how much fx flow are we mising?,passed,,Q2,145 rows (largest FX flow via other banks 12M first): Sakaida Prime Semiconductor (Hong Kong) Ltd · USD/JPY: FX flow via other banks 12M USD 37.7m; Kinokawa Precision (Ho Chi Minh City) Co Ltd · USD/VND: FX flow via other banks 12M USD 36.0m; Sakaida Prime Semiconductor (Hong Kong) Ltd · USD/VND: FX flow via other banks 12M USD 26.5m; …,https://my-workspace.cloud.databricks.com/genie/rooms/my-agent-id
opportunity_identification,APAC Genie - Opportunity Identification,RM Workbench,must-answer,Q3,Open opportunities and signals,"Clients with a deposit surplus signal in the last 60 days that have no time-deposit or investment product with us - show the detection date, status and surplus amount.",passed,,,2 rows: Konabe Steel (Shanghai) Co Ltd · 7 Sep 2026 · Open: surplus USD 4.50m; Suvarna Credit (Jakarta) PT · 10 Sep 2026 · Open: surplus USD 1.03m,https://my-workspace.cloud.databricks.com/genie/rooms/my-agent-id
opportunity_identification,APAC Genie - Opportunity Identification,RM Workbench,must-answer,Q4,Maturities and refinancing,Which groups have open facility-maturing signals (facilities maturing in the next 12 months) with no refinancing opportunity in the pipeline? Show the number of signals and the maturing amount per group.,passed,,,"27 rows: Konabe Precision Group: maturing facility signals 1, maturing amount USD 142.5m; Akatsuki Motor: maturing facility signals 1, maturing amount USD 57.0m; Suvarna Asset Management: maturing facility signals 1, maturing amount USD 26.0m; …",https://my-workspace.cloud.databricks.com/genie/rooms/my-agent-id
opportunity_identification,APAC Genie - Opportunity Identification,RM Workbench,variant,Q4-jargon,Maturities and refinancing,Refi gap: groups with maturities in the next 12 months and no refi in the pipe - open signal count and maturing amount,passed,,Q4,"27 rows: Konabe Precision Group: maturing facility signals 1, maturing amount USD 142.5m; Akatsuki Motor: maturing facility signals 1, maturing amount USD 57.0m; Suvarna Asset Management: maturing facility signals 1, maturing amount USD 26.0m; …",https://my-workspace.cloud.databricks.com/genie/rooms/my-agent-id
opportunity_identification,APAC Genie - Opportunity Identification,RM Workbench,must-answer,Q5,Product gaps and next-best product,"Product penetration gap vs peers for Japanese automotive-parts subsidiaries in FY2026 - which products are under-penetrated? Show clients, penetration, peer penetration, clients with a gap, all-APAC penetration and the gap vs all APAC clients.",passed,,,"11 rows: Term Loan: clients 44, penetration 2.3%, peer penetration 2.3%, clients with gap vs peers 0; Guarantee / SBLC: clients 44, penetration 18.2%, peer penetration 18.2%, clients with gap vs peers 0; Export LC: clients 44, penetration 18.2%, peer penetration 18.2%, clients with gap vs peers 0; …",https://my-workspace.cloud.databricks.com/genie/rooms/my-agent-id
opportunity_identification,APAC Genie - Opportunity Identification,RM Workbench,must-answer,Q6,Product gaps and next-best product,"Next-best-product: top 20 clients by propensity for supply chain finance, with the product, rank and main drivers.",passed,,,"20 rows: Kinokawa Precision (Ho Chi Minh City) Co Ltd · Supply Chain Finance · Trade corridor CN->VN up 50% YoY | SCF anchor candidate (Jul-2026) ...: Propensity Rank 100.0%, propensity 0.893; Kinokawa Precision (Singapore) Pte Ltd · Supply Chain Finance · Trade corridor CN->VN up 50% YoY | SCF anchor candidate (Jul-2026) ...: Propensity Rank 100.0%, propensity 0.706; KONABE PRECISION GROUP (SHANGHtI) · Supply Chain Finance · SCF anchor candidate (Jul-2026) | Industrials importer-exporter pro...: Propensity Rank 300.0%, propensity 0.488; …",https://my-workspace.cloud.databricks.com/genie/rooms/my-agent-id
opportunity_identification,APAC Genie - Opportunity Identification,RM Workbench,variant,Q6-jargon,Product gaps and next-best product,"top 20 NBP names for SCF - propensity, rank and drivers",passed,,Q6,"20 rows: Kinokawa Precision (Ho Chi Minh City) Co Ltd · Trade corridor CN->VN up 50% YoY | SCF anchor candidate (Jul-2026) ...: Propensity Rank 100.0%, propensity 0.893; Kinokawa Precision (Singapore) Pte Ltd · Trade corridor CN->VN up 50% YoY | SCF anchor candidate (Jul-2026) ...: Propensity Rank 100.0%, propensity 0.706; KONABE PRECISION GROUP (SHANGHtI) · SCF anchor candidate (Jul-2026) | Industrials importer-exporter pro...: Propensity Rank 300.0%, propensity 0.488; …",https://my-workspace.cloud.databricks.com/genie/rooms/my-agent-id
opportunity_identification,APAC Genie - Opportunity Identification,RM Workbench,must-answer,Q7,Pipeline and conversion,"Opportunities created from trade-corridor-growth signals into Vietnam and India this fiscal year, and their conversion rate - created, closed, won and win rate by destination.",passed,,,"2 rows: IN: created 8, closed 5, won 4, win rate 80.0%; VN: created 6, closed 5, won 2, win rate 40.0%",https://my-workspace.cloud.databricks.com/genie/rooms/my-agent-id
opportunity_identification,APAC Genie - Opportunity Identification,RM Workbench,must-answer,Q7b,Pipeline and conversion,"In total, how many opportunities were created from trade-corridor-growth signals into Vietnam and India in FY2026, how many closed and won, and what is the win rate?",passed,,,"1 row: created 14, closed 10, won 6, win rate 60.0%",https://my-workspace.cloud.databricks.com/genie/rooms/my-agent-id
opportunity_identification,APAC Genie - Opportunity Identification,RM Workbench,must-answer,Q8,Open opportunities and signals,"Which capex / expansion news signals in Australia have not been actioned by an RM? List client, detection date, status, number of signals and estimated revenue.",passed,,,"7 rows: Banksia Renewables Partners (Sydney) Ltd · 30 Jul 2026 · Open: signals 1, estimated revenue USD 112k; Banksia Renewables Partners (Sydney) Ltd · 19 Jun 2026 · Open: signals 1, estimated revenue USD 112k; Banksia Renewables Partners (Sydney) Ltd · 6 May 2026 · Open: signals 1, estimated revenue USD 112k; …",https://my-workspace.cloud.databricks.com/genie/rooms/my-agent-id
opportunity_identification,APAC Genie - Opportunity Identification,RM Workbench,must-answer,Q9,Pipeline and conversion,"Pipeline by expected close quarter and stage for H2 FY2026, weighted value by product - with open opportunities, pipeline amount and weighted pipeline.",passed,,,"62 rows: FY2026-Q3 · Negotiation · Term Loan: open opportunities 9, pipeline amount USD 206.5m, weighted pipeline USD 144.6m; FY2026-Q3 · Negotiation · Sustainability-Linked Loan: open opportunities 6, pipeline amount USD 111.6m, weighted pipeline USD 78.1m; FY2026-Q3 · Negotiation · Cash Management Mandate: open opportunities 7, pipeline amount USD 64.6m, weighted pipeline USD 45.2m; …",https://my-workspace.cloud.databricks.com/genie/rooms/my-agent-id
opportunity_identification,APAC Genie - Opportunity Identification,RM Workbench,variant,Q9-abbrev,Pipeline and conversion,"H2 FY26 pipe by close qtr, stage and product - open count, amount, weighted",passed,,Q9,"62 rows: FY2026-Q3 · Negotiation · Term Loan: open opportunities 9, pipeline amount USD 206.5m, weighted pipeline USD 144.6m; FY2026-Q3 · Negotiation · Sustainability-Linked Loan: open opportunities 6, pipeline amount USD 111.6m, weighted pipeline USD 78.1m; FY2026-Q3 · Negotiation · Cash Management Mandate: open opportunities 7, pipeline amount USD 64.6m, weighted pipeline USD 45.2m; …",https://my-workspace.cloud.databricks.com/genie/rooms/my-agent-id
opportunity_identification,APAC Genie - Opportunity Identification,RM Workbench,must-answer,Q10,Pipeline and conversion,"Win rate by source type and source signal type - which signals actually convert? Show closed, won and win rate.",passed,,,"13 rows: Signal · DEPOSIT_SURPLUS: closed 53, won 36, win rate 67.9%; Signal · SLL_ELIGIBLE: closed 3, won 2, win rate 66.7%; Signal · TRADE_CORRIDOR_GROWTH: closed 10, won 6, win rate 60.0%; …",https://my-workspace.cloud.databricks.com/genie/rooms/my-agent-id
opportunity_identification,APAC Genie - Opportunity Identification,RM Workbench,storyline check,X1,More tested questions (storyline checks),"Show the supply chain finance opportunity created for the Kinokawa Precision group in August 2026 from a signal - client, created date, product, stage, source signal type, opportunities and open amount.",passed,,,"1 row: Kinokawa Precision (Singapore) Pte Ltd · 12 Aug 2026 · Supply Chain Finance · Proposal · SCF_ANCHOR_CANDIDATE: opportunities 1, open amount USD 120.0m",https://my-workspace.cloud.databricks.com/genie/rooms/my-agent-id
opportunity_identification,APAC Genie - Opportunity Identification,RM Workbench,storyline check,X2,More tested questions (storyline checks),"For Banksia Renewables Partners, how many green-loan opportunities are open in the pipeline and how many SLL_ELIGIBLE signals were raised?",passed,,,"1 row: open green loans 2, sll signals 1",https://my-workspace.cloud.databricks.com/genie/rooms/my-agent-id
opportunity_identification,APAC Genie - Opportunity Identification,RM Workbench,follow-up,F1,after S1,Only show the ones covered from Singapore.,matches,"answered in the same conversation (25 rows), context kept",,,https://my-workspace.cloud.databricks.com/genie/rooms/my-agent-id
credit_memo_financial_spreading,APAC Genie - Credit Memo & Financial Spreading,Credit Workbench,starter,S1,,Credit memo pack for Sunda Energi Nusantara (Jakarta): show its spread P&L and balance sheet for the last 3 fiscal years.,matches,Same rows and figures.,Q1,69 rows: FY2023 · P&L · Revenue: amount USD 104.7m; FY2024 · P&L · Revenue: amount USD 111.1m; FY2025 · P&L · Revenue: amount USD 117.3m; …,https://my-workspace.cloud.databricks.com/genie/rooms/my-agent-id
credit_memo_financial_spreading,APAC Genie - Credit Memo & Financial Spreading,Credit Workbench,starter,S2,,Which clients breached or have less than 10% headroom on a leverage covenant at the latest test?,matches,Same rows and figures.,Q2,"6 rows: Sunda Energi Nusantara (Jakarta) PT Tbk · FAC-001503: actual 5.1, threshold 4, headroom -27.5%; LANGKAWI VENTURES (MANILA) · FAC-001350: actual 3.87, threshold 4, headroom 3.2%; Hoshioka Electronics Group Industries PT Tbk · FAC-000740: actual 3.74, threshold 4, headroom 6.5%; …",https://my-workspace.cloud.databricks.com/genie/rooms/my-agent-id
credit_memo_financial_spreading,APAC Genie - Credit Memo & Financial Spreading,Credit Workbench,starter,S3,,"Net Debt/EBITDA and ICR for all Indonesian mining clients vs their peer median, FY2023-FY2025",matches,Same rows and figures.,Q3,"18 rows: Langkawi Energy Holdings (Jakarta) PT · Oil, Gas & Coal: ratio value 5.96, peer median 5.44, gap to peer median 0.52; Langkawi Energy Holdings (Jakarta) PT · Oil, Gas & Coal: ratio value 6.1, peer median 5.03, gap to peer median 1.06; Langkawi Energy Holdings (Jakarta) PT · Oil, Gas & Coal: ratio value 5.7, peer median 4.61, gap to peer median 1.09; …",https://my-workspace.cloud.databricks.com/genie/rooms/my-agent-id
credit_memo_financial_spreading,APAC Genie - Credit Memo & Financial Spreading,Credit Workbench,starter,S4,,"Which clients' FY2025 financials are not yet spread, by analyst and days overdue?",matches,Same rows and figures.,Q4b,128 rows: Sunda Power Holdings (Taipei) Co Ltd · Jun Ito · In Progress: days overdue 211; Mahakam Property Resources (Bangkok) PCL · Mei Reddy · In Progress: days overdue 211; Catba Insurance Holdings Trading (Mumbai) Ltd · Hideo Sharma · Received - Not Started: days overdue 211; …,https://my-workspace.cloud.databricks.com/genie/rooms/my-agent-id
credit_memo_financial_spreading,APAC Genie - Credit Memo & Financial Spreading,Credit Workbench,starter,S5,,"Annual reviews due in Q3 FY2026 by analyst, with the current status and days in preparation",matches,Same rows and figures.,Q5,"65 rows: Aiko Wong · In Preparation: reviews due 1, avg days in preparation 6; Arun Nguyen · In Preparation: reviews due 1, avg days in preparation 24; Arun Nguyen · Not Started: reviews due 1, avg days in preparation –; …",https://my-workspace.cloud.databricks.com/genie/rooms/my-agent-id
credit_memo_financial_spreading,APAC Genie - Credit Memo & Financial Spreading,Credit Workbench,starter,S6,,Which collateral on active facilities has an LTV above 70% or a valuation older than 24 months?,matches,Genie adds 5 columns.,Q6,"308 rows: Kinokawa Construction Group (Taipei) Co Ltd · FAC-000418 · Cash: collateral value USD 1.13m, LTV 84.7%, valuation age months 23.0; CHAOPHRAYA BEVERAGES (SHANGHAI) · FAC-001107 · Cash: collateral value USD 3.04m, LTV 84.5%, valuation age months 5.0; Sabah Leasing (Shanghai) Co Ltd · FAC-001257 · Fixed Assets: collateral value USD 6.72m, LTV 84.5%, valuation age months 11.0; …",https://my-workspace.cloud.databricks.com/genie/rooms/my-agent-id
credit_memo_financial_spreading,APAC Genie - Credit Memo & Financial Spreading,Credit Workbench,starter,S7,,"Which Japanese-corporate subsidiaries rely on a parent guarantee or keepwell on their active facilities, and what is the parent's external rating?",matches,"Genie shows 4 of the benchmark's 6 columns (not shown: Client Group, drawn USD); adds 1 column.",Q7,"159 rows: Fuwi Heavy Industries Trading Co Ltd · Fuwa Heavy Industries · Keepwell · A+: facilities 1, drawn USD 287.7m; KONABE PRECISION GROUP (SHANGHtI) · Konabe Precision Group · Keepwell · A+: facilities 1, drawn USD 99.3m; Chemical Ebisawa Industries (Bangkot) PCL · Ebisawa Chemical · Parent Guarantee · AAA: facilities 1, drawn USD 60.6m; …",https://my-workspace.cloud.databricks.com/genie/rooms/my-agent-id
credit_memo_financial_spreading,APAC Genie - Credit Memo & Financial Spreading,Credit Workbench,starter,S8,,"New-money requests approved in H1 FY2026: amount, margin and time to approval by coverage office",matches,Genie shows 4 of the benchmark's 5 columns (not shown: approvals).,Q10,"9 rows: SG: approvals 11, amount USD 113.9m, weighted margin bps 186, avg days to approval 34.8; HK: approvals 8, amount USD 68.5m, weighted margin bps 191, avg days to approval 32.9; TH: approvals 3, amount USD 46.9m, weighted margin bps 87, avg days to approval 30.7; …",https://my-workspace.cloud.databricks.com/genie/rooms/my-agent-id
credit_memo_financial_spreading,APAC Genie - Credit Memo & Financial Spreading,Credit Workbench,must-answer,Q1,The credit memo pack (Sunda Energi Nusantara),"Credit memo pack for Sunda Energi Nusantara (Jakarta): show its spread P&L and balance sheet for the last 3 fiscal years - fiscal year, statement type, statement line, line order and amount in USD.",passed,,,69 rows: FY2023 · P&L · Revenue: amount USD 104.7m; FY2024 · P&L · Revenue: amount USD 111.1m; FY2025 · P&L · Revenue: amount USD 117.3m; …,https://my-workspace.cloud.databricks.com/genie/rooms/my-agent-id
credit_memo_financial_spreading,APAC Genie - Credit Memo & Financial Spreading,Credit Workbench,must-answer,Q1b,The credit memo pack (Sunda Energi Nusantara),"For the Sunda Energi Nusantara (Jakarta) memo pack, show Net Debt/EBITDA, ICR, DSCR, Current Ratio and EBITDA Margin by fiscal year with the ratio value, the peer median, the percentile rank in the peer group and the worse-than-peer-P25 count.",passed,,,"15 rows: Current Ratio · FY2023: ratio value 1.14, peer median 1.21, peer percentile rank 0.0%, worse than P25 1; Current Ratio · FY2024: ratio value 1.03, peer median 1.21, peer percentile rank 0.0%, worse than P25 1; Current Ratio · FY2025: ratio value 0.835, peer median 1.21, peer percentile rank 0.0%, worse than P25 1; …",https://my-workspace.cloud.databricks.com/genie/rooms/my-agent-id
credit_memo_financial_spreading,APAC Genie - Credit Memo & Financial Spreading,Credit Workbench,must-answer,Q1c,The credit memo pack (Sunda Energi Nusantara),"List all facilities of Sunda Energi Nusantara (Jakarta) with facility type, status, security type, guarantor type, committed limit, drawn amount, margin in bps, collateral value and highest LTV.",passed,,,"4 rows: FAC-001503 · Syndicated Loan: limit USD 95.0m, drawn USD 74.1m, margin bps 285, collateral value –; FAC-000019 · Overdraft: limit USD 22.0m, drawn USD 21.3m, margin bps 255, collateral value –; FAC-000017 · Revolving Credit Facility: limit USD 9.22m, drawn USD 8.95m, margin bps 230, collateral value USD 9.37m; …",https://my-workspace.cloud.databricks.com/genie/rooms/my-agent-id
credit_memo_financial_spreading,APAC Genie - Credit Memo & Financial Spreading,Credit Workbench,must-answer,Q1d,The credit memo pack (Sunda Energi Nusantara),"Show the covenant tests of Sunda Energi Nusantara (Jakarta) since 31 Dec 2025: facility, covenant type, test date, whether it is the latest test, actual, threshold, headroom and number of breaches.",passed,,,"13 rows: FAC-000017 · ICR: actual 3.59, threshold 2.5, headroom 43.6%, breaches 0; FAC-000017 · ICR: actual 3.39, threshold 2.5, headroom 35.6%, breaches 0; FAC-000017 · ICR: actual 3.15, threshold 2.5, headroom 26.0%, breaches 0; …",https://my-workspace.cloud.databricks.com/genie/rooms/my-agent-id
credit_memo_financial_spreading,APAC Genie - Credit Memo & Financial Spreading,Credit Workbench,must-answer,Q1e,The credit memo pack (Sunda Energi Nusantara),"What is the current exposure of Sunda Energi Nusantara (Jakarta) at 30 Sep 2026: drawn, limit, EAD, RWA, ECL, Stage 3 exposure and overdue amount?",passed,,,"1 row: drawn USD 104.4m, limit USD 126.2m, EAD USD 115.3m, RWA USD 131.3m, ECL USD 50.6m, Stage 3 exposure USD 104.4m, overdue USD 398k",https://my-workspace.cloud.databricks.com/genie/rooms/my-agent-id
credit_memo_financial_spreading,APAC Genie - Credit Memo & Financial Spreading,Credit Workbench,must-answer,Q2,Covenants,"Which legal entities breached or have less than 10% headroom on a leverage covenant at the latest test? Show client, facility, headroom bucket, watchlist flag, actual, threshold and headroom.",passed,,,"6 rows: Sunda Energi Nusantara (Jakarta) PT Tbk · FAC-001503: actual 5.1, threshold 4, headroom -27.5%; LANGKAWI VENTURES (MANILA) · FAC-001350: actual 3.87, threshold 4, headroom 3.2%; Hoshioka Electronics Group Industries PT Tbk · FAC-000740: actual 3.74, threshold 4, headroom 6.5%; …",https://my-workspace.cloud.databricks.com/genie/rooms/my-agent-id
credit_memo_financial_spreading,APAC Genie - Credit Memo & Financial Spreading,Credit Workbench,must-answer,Q3,Financials against peers,"Net Debt/EBITDA and ICR for all Indonesian mining clients vs their peer median, FY2023-FY2025: client, subsector, ratio, fiscal year, ratio value, peer median and gap to the peer median.",passed,,,"18 rows: Langkawi Energy Holdings (Jakarta) PT · Oil, Gas & Coal: ratio value 5.96, peer median 5.44, gap to peer median 0.52; Langkawi Energy Holdings (Jakarta) PT · Oil, Gas & Coal: ratio value 6.1, peer median 5.03, gap to peer median 1.06; Langkawi Energy Holdings (Jakarta) PT · Oil, Gas & Coal: ratio value 5.7, peer median 4.61, gap to peer median 1.09; …",https://my-workspace.cloud.databricks.com/genie/rooms/my-agent-id
credit_memo_financial_spreading,APAC Genie - Credit Memo & Financial Spreading,Credit Workbench,must-answer,Q4,Spreading backlog and reviews,"For FY2025 financials not yet spread, how many statements does each analyst have outstanding, and what are the average and maximum days overdue?",passed,,,"43 rows: Yuki Devi: statements not spread 9, avg days overdue 128, max days overdue 209; Lara Wong: statements not spread 9, avg days overdue 127, max days overdue 206; Chen Lee: statements not spread 9, avg days overdue 143, max days overdue 189; …",https://my-workspace.cloud.databricks.com/genie/rooms/my-agent-id
credit_memo_financial_spreading,APAC Genie - Credit Memo & Financial Spreading,Credit Workbench,must-answer,Q4b,Spreading backlog and reviews,"Which clients' FY2025 financials are not yet spread? List client, analyst, spreading status and days overdue.",passed,,,128 rows: Sunda Power Holdings (Taipei) Co Ltd · Jun Ito · In Progress: days overdue 211; Mahakam Property Resources (Bangkok) PCL · Mei Reddy · In Progress: days overdue 211; Catba Insurance Holdings Trading (Mumbai) Ltd · Hideo Sharma · Received - Not Started: days overdue 211; …,https://my-workspace.cloud.databricks.com/genie/rooms/my-agent-id
credit_memo_financial_spreading,APAC Genie - Credit Memo & Financial Spreading,Credit Workbench,must-answer,Q5,Spreading backlog and reviews,Annual reviews due in Q3 FY2026 by analyst and current status: number of reviews due and average days in preparation.,passed,,,"65 rows: Aiko Wong · In Preparation: reviews due 1, avg days in preparation 6; Arun Nguyen · In Preparation: reviews due 1, avg days in preparation 24; Arun Nguyen · Not Started: reviews due 1, avg days in preparation –; …",https://my-workspace.cloud.databricks.com/genie/rooms/my-agent-id
credit_memo_financial_spreading,APAC Genie - Credit Memo & Financial Spreading,Credit Workbench,must-answer,Q6,Collateral and parent support,"Collateral coverage on active facilities: list the collateral with LTV above 70% or a valuation older than 24 months - client, facility, collateral type, collateral value, LTV and valuation age in months.",passed,,,"308 rows: Kinokawa Construction Group (Taipei) Co Ltd · FAC-000418 · Cash: collateral value USD 1.13m, LTV 84.7%, valuation age months 23.0; CHAOPHRAYA BEVERAGES (SHANGHAI) · FAC-001107 · Cash: collateral value USD 3.04m, LTV 84.5%, valuation age months 5.0; Sabah Leasing (Shanghai) Co Ltd · FAC-001257 · Fixed Assets: collateral value USD 6.72m, LTV 84.5%, valuation age months 11.0; …",https://my-workspace.cloud.databricks.com/genie/rooms/my-agent-id
credit_memo_financial_spreading,APAC Genie - Credit Memo & Financial Spreading,Credit Workbench,must-answer,Q6b,Collateral and parent support,"Summarise collateral needing review on active facilities by collateral type: items needing review, items with LTV above 70% and items with valuations older than 24 months.",passed,,,"5 rows: Fixed Assets: items needing review 69, LTV over 70 43, valuation over 24m 39; Real Estate: items needing review 68, LTV over 70 43, valuation over 24m 42; Inventory: items needing review 61, LTV over 70 37, valuation over 24m 32; …",https://my-workspace.cloud.databricks.com/genie/rooms/my-agent-id
credit_memo_financial_spreading,APAC Genie - Credit Memo & Financial Spreading,Credit Workbench,must-answer,Q7,Collateral and parent support,"Which Japanese-corporate subsidiaries rely on a parent guarantee or keepwell on their active facilities, and what is the parent's external rating from the Japan share? Show client, client group, guarantor type, parent rating, number of facilities and drawn amount.",passed,,,"159 rows: Fuwi Heavy Industries Trading Co Ltd · Fuwa Heavy Industries · Keepwell · A+: facilities 1, drawn USD 287.7m; KONABE PRECISION GROUP (SHANGHtI) · Konabe Precision Group · Keepwell · A+: facilities 1, drawn USD 99.3m; Chemical Ebisawa Industries (Bangkot) PCL · Ebisawa Chemical · Parent Guarantee · AAA: facilities 1, drawn USD 60.6m; …",https://my-workspace.cloud.databricks.com/genie/rooms/my-agent-id
credit_memo_financial_spreading,APAC Genie - Credit Memo & Financial Spreading,Credit Workbench,must-answer,Q8,Financials against peers,"Working-capital cycle trend for electronics-sector clients, FY2023-FY2025: for DSO, DIO, DPO and the cash conversion cycle, show by fiscal year the number of clients, the client average days and the peer median days.",passed,,,"12 rows: Cash Conversion Cycle · FY2023: clients 55, client average days 62.1, peer median days 63.5; Cash Conversion Cycle · FY2024: clients 55, client average days 60.8, peer median days 62.3; Cash Conversion Cycle · FY2025: clients 55, client average days 58.9, peer median days 60.3; …",https://my-workspace.cloud.databricks.com/genie/rooms/my-agent-id
credit_memo_financial_spreading,APAC Genie - Credit Memo & Financial Spreading,Credit Workbench,must-answer,Q9,Covenants,"How many covenant waivers were granted this fiscal year, what exposure is associated with them, and how many covenant tests were run in FY2026?",passed,,,"1 row: waivers 0, exposure with waivers –, covenant tests FY2026 1,230",https://my-workspace.cloud.databricks.com/genie/rooms/my-agent-id
credit_memo_financial_spreading,APAC Genie - Credit Memo & Financial Spreading,Credit Workbench,must-answer,Q10,Spreading backlog and reviews,"New-money requests approved in H1 FY2026 by coverage office: number approved, requested amount, weighted margin in bps and average days to approval.",missed,sometimes misses: see the safer wording,,"9 rows: SG: approvals 11, amount USD 113.9m, weighted margin bps 186, avg days to approval 34.8; HK: approvals 8, amount USD 68.5m, weighted margin bps 191, avg days to approval 32.9; TH: approvals 3, amount USD 46.9m, weighted margin bps 87, avg days to approval 30.7; …",https://my-workspace.cloud.databricks.com/genie/rooms/my-agent-id
credit_memo_financial_spreading,APAC Genie - Credit Memo & Financial Spreading,Credit Workbench,variant,Q2-jargon,Covenants,"Leverage covenant trips or sub-10% cushion at the last test - which obligors? Give facility, headroom bucket, WL flag, actual vs threshold and headroom.",passed,,Q2,"6 rows: Sunda Energi Nusantara (Jakarta) PT Tbk · FAC-001503: actual 5.1, threshold 4, headroom -27.5%; LANGKAWI VENTURES (MANILA) · FAC-001350: actual 3.87, threshold 4, headroom 3.2%; Hoshioka Electronics Group Industries PT Tbk · FAC-000740: actual 3.74, threshold 4, headroom 6.5%; …",https://my-workspace.cloud.databricks.com/genie/rooms/my-agent-id
credit_memo_financial_spreading,APAC Genie - Credit Memo & Financial Spreading,Credit Workbench,variant,Q10-abbrev,Spreading backlog and reviews,"new money approvals H1 FY26 by office - count, amt, wtd margin bps, avg days to approve",passed,,Q10,"9 rows: SG: approvals 11, amount USD 113.9m, weighted margin bps 186, avg days to approval 34.8; HK: approvals 8, amount USD 68.5m, weighted margin bps 191, avg days to approval 32.9; TH: approvals 3, amount USD 46.9m, weighted margin bps 87, avg days to approval 30.7; …",https://my-workspace.cloud.databricks.com/genie/rooms/my-agent-id
credit_memo_financial_spreading,APAC Genie - Credit Memo & Financial Spreading,Credit Workbench,variant,Q4b-typo,Spreading backlog and reviews,"list clients with FY2025 finacials not yet spred, with analyst, status and days overdue",passed,,Q4b,128 rows: Sunda Power Holdings (Taipei) Co Ltd · Jun Ito · In Progress: days overdue 211; Mahakam Property Resources (Bangkok) PCL · Mei Reddy · In Progress: days overdue 211; Catba Insurance Holdings Trading (Mumbai) Ltd · Hideo Sharma · Received - Not Started: days overdue 211; …,https://my-workspace.cloud.databricks.com/genie/rooms/my-agent-id
credit_memo_financial_spreading,APAC Genie - Credit Memo & Financial Spreading,Credit Workbench,variant,Q9-casual,Covenants,"did we waive any covenants this year? how much exposure did that cover, and how many covenant tests did we run in FY2026?",passed,,Q9,"1 row: waivers 0, exposure with waivers –, covenant tests FY2026 1,230",https://my-workspace.cloud.databricks.com/genie/rooms/my-agent-id
credit_memo_financial_spreading,APAC Genie - Credit Memo & Financial Spreading,Credit Workbench,safer wording,Q10,,"New-money requests with an approved outcome in H1 FY2026, by coverage office: number approved, requested amount, weighted margin in bps and average days to approval.",matches,same rows as the benchmark,Q10,"9 rows: SG: approvals 11, amount USD 113.9m, weighted margin bps 186, avg days to approval 34.8; HK: approvals 8, amount USD 68.5m, weighted margin bps 191, avg days to approval 32.9; TH: approvals 3, amount USD 46.9m, weighted margin bps 87, avg days to approval 30.7; …",https://my-workspace.cloud.databricks.com/genie/rooms/my-agent-id
credit_memo_financial_spreading,APAC Genie - Credit Memo & Financial Spreading,Credit Workbench,follow-up,F1,after S1,"Now show its key ratios against the peer median, with its percentile rank in the peer group.",matches,"answered in the same conversation (15 rows), context kept",,,https://my-workspace.cloud.databricks.com/genie/rooms/my-agent-id
credit_memo_financial_spreading,APAC Genie - Credit Memo & Financial Spreading,Credit Workbench,follow-up,F2,after S1,"Now list its facilities with limit, drawn amount, margin and collateral.",matches,same rows as the benchmark,,,https://my-workspace.cloud.databricks.com/genie/rooms/my-agent-id
credit_memo_financial_spreading,APAC Genie - Credit Memo & Financial Spreading,Credit Workbench,follow-up,F3,after S1,"And its current exposure at 30 Sep 2026: drawn, limit, EAD, RWA, ECL, Stage 3 exposure and overdue amount.",matches,same rows as the benchmark,,,https://my-workspace.cloud.databricks.com/genie/rooms/my-agent-id
credit_memo_financial_spreading,APAC Genie - Credit Memo & Financial Spreading,Credit Workbench,follow-up,F4,after S2,Which of those clients are not on the watchlist?,matches,"answered in the same conversation (3 rows), context kept",,,https://my-workspace.cloud.databricks.com/genie/rooms/my-agent-id
early_warning_monitoring,APAC Genie - Early Warning Monitoring,Credit Workbench,starter,S1,,"Which clients are Red today, what exposure do they carry, and what are the top three triggers for each?",matches,Genie adds 1 column.,Q1,"8 rows: Sunda Energi Nusantara (Jakarta) PT Tbk · UTIL_HIGH, COV_BREACH, DPD_30: exposure USD 104.4m; Hoshioka Electronics Group Industries PT Tbk · UTIL_HIGH, COV_HEADROOM_LOW, GRADE_DOWNGRADE: exposure USD 35.2m; SABAH ENERGY (HONG KONG) · UTIL_HIGH, DPD_30: exposure USD 12.7m; …",https://my-workspace.cloud.databricks.com/genie/rooms/my-agent-id
early_warning_monitoring,APAC Genie - Early Warning Monitoring,Credit Workbench,starter,S2,,Walk me through Sunda Energi Nusantara's EWS score month by month since January 2026 and which signals fired when.,matches,Same rows and figures.,Q2,18 rows (largest month end score first): Sunda Energi Nusantara (Jakarta) PT Tbk · May 2026 · Red: month end score 80.2; Sunda Energi Nusantara (Jakarta) PT Tbk · Apr 2026 · Red: month end score 80.1; Sunda Energi Nusantara (Jakarta) PT Tbk · Jun 2026 · Red: month end score 77.7; …,https://my-workspace.cloud.databricks.com/genie/rooms/my-agent-id
early_warning_monitoring,APAC Genie - Early Warning Monitoring,Credit Workbench,starter,S3,,"Which clients moved from Green to Amber in the last 30 days, by coverage office and industry?",matches,Same rows and figures.,Q3,10 rows: HK · Transport & Logistics: clients green to amber 1; ID · Financial Institution: clients green to amber 1; ID · Sponsor: clients green to amber 1; …,https://my-workspace.cloud.databricks.com/genie/rooms/my-agent-id
early_warning_monitoring,APAC Genie - Early Warning Monitoring,Credit Workbench,starter,S4,,Show exposure in Amber and Red by industry at each month-end since April 2025.,matches,Same rows and figures.,Q4,"288 rows: Apr 2025 · Agriculture: amber exposure USD 420.4m, red exposure –; Apr 2025 · Automotive: amber exposure –, red exposure –; Apr 2025 · Consumer: amber exposure USD 37.2m, red exposure –; …",https://my-workspace.cloud.databricks.com/genie/rooms/my-agent-id
early_warning_monitoring,APAC Genie - Early Warning Monitoring,Credit Workbench,starter,S5,,Which signals most often precede a downgrade within 90 days?,matches,Genie adds 2 columns.,Q5,10 rows (largest signal downgrade pairs first): GRADE_DOWNGRADE: signal downgrade pairs 130; UTIL_HIGH: signal downgrade pairs 114; UTIL_ELEVATED: signal downgrade pairs 96; …,https://my-workspace.cloud.databricks.com/genie/rooms/my-agent-id
early_warning_monitoring,APAC Genie - Early Warning Monitoring,Credit Workbench,starter,S6,,"Which watchlist actions are overdue, by owner?",answered but differs,"Genie lists the 25 overdue actions one by one (owner, client, action, days overdue) with the trusted function; the benchmark counts the same 25 actions per owner (22 owners).",Q8,22 rows (largest overdue actions first): Hana Reddy: overdue actions 2; Priya Devi: overdue actions 2; Rahul Watanabe: overdue actions 2; …,https://my-workspace.cloud.databricks.com/genie/rooms/my-agent-id
early_warning_monitoring,APAC Genie - Early Warning Monitoring,Credit Workbench,starter,S7,,"What is the 30+ DPD rate by booking country and segment, by month?",matches,Same rows and figures.,Q9,"2,495 rows (largest dpd30 rate first): May 2024 · MY · Sponsor & Structured Finance: dpd30 rate 100.0%; Mar 2026 · HK · Public Sector: dpd30 rate 69.2%; Apr 2026 · HK · Public Sector: dpd30 rate 68.0%; …",https://my-workspace.cloud.databricks.com/genie/rooms/my-agent-id
early_warning_monitoring,APAC Genie - Early Warning Monitoring,Credit Workbench,starter,S8,,Which clients have covenant headroom below 10% but are not on the watchlist?,matches,Genie adds 1 column.,Q10,3 rows: Foods Kadono Services (Hong Kong) Ltd; Tsujimura Steel Holdings Trading (Singapore) Pte Ltd; Visayan Development Board Trading (Singapore) Pte Ltd,https://my-workspace.cloud.databricks.com/genie/rooms/my-agent-id
early_warning_monitoring,APAC Genie - Early Warning Monitoring,Credit Workbench,must-answer,Q1,Who is at risk today,"Which clients are Red today, what exposure do they carry, and what are the top three triggers for each?",passed,,,"8 rows: Sunda Energi Nusantara (Jakarta) PT Tbk · UTIL_HIGH, COV_BREACH, DPD_30: exposure USD 104.4m; Hoshioka Electronics Group Industries PT Tbk · UTIL_HIGH, COV_HEADROOM_LOW, GRADE_DOWNGRADE: exposure USD 35.2m; SABAH ENERGY (HONG KONG) · UTIL_HIGH, DPD_30: exposure USD 12.7m; …",https://my-workspace.cloud.databricks.com/genie/rooms/my-agent-id
early_warning_monitoring,APAC Genie - Early Warning Monitoring,Credit Workbench,variant,Q1-casual,Who is at risk today,who's in the red today and what's driving it?,passed,,Q1,"8 rows: Hoshioka Electronics Group Industries PT Tbk · UTIL_HIGH, COV_HEADROOM_LOW, GRADE_DOWNGRADE; Sunda Energi Nusantara (Jakarta) PT Tbk · UTIL_HIGH, COV_BREACH, DPD_30; Sabah Energy (Taipei) Co Ltd · UTIL_HIGH, DPD_30, NEWS_NEGATIVE; …",https://my-workspace.cloud.databricks.com/genie/rooms/my-agent-id
early_warning_monitoring,APAC Genie - Early Warning Monitoring,Credit Workbench,must-answer,Q2,One client's story,Walk me through Sunda Energi Nusantara's EWS score month by month since January 2026 and which signals fired when.,passed,,,18 rows (largest month end score first): Sunda Energi Nusantara (Jakarta) PT Tbk · May 2026 · Red: month end score 80.2; Sunda Energi Nusantara (Jakarta) PT Tbk · Apr 2026 · Red: month end score 80.1; Sunda Energi Nusantara (Jakarta) PT Tbk · Jun 2026 · Red: month end score 77.7; …,https://my-workspace.cloud.databricks.com/genie/rooms/my-agent-id
early_warning_monitoring,APAC Genie - Early Warning Monitoring,Credit Workbench,must-answer,Q2b,One client's story,What was the EWS band and month-end score of Sunda Energi Nusantara (Jakarta) at each month-end since January 2026?,passed,,,9 rows: Jan 2026 · Amber: month end score 48.6; Feb 2026 · Amber: month end score 54.2; Mar 2026 · Amber: month end score 58.3; …,https://my-workspace.cloud.databricks.com/genie/rooms/my-agent-id
early_warning_monitoring,APAC Genie - Early Warning Monitoring,Credit Workbench,must-answer,Q3,Who is at risk today,"Clients that moved from Green to Amber in the last 30 days, by coverage office and industry.",passed,,,10 rows: HK · Transport & Logistics: clients green to amber 1; ID · Financial Institution: clients green to amber 1; ID · Sponsor: clients green to amber 1; …,https://my-workspace.cloud.databricks.com/genie/rooms/my-agent-id
early_warning_monitoring,APAC Genie - Early Warning Monitoring,Credit Workbench,variant,Q3-abbrev,Who is at risk today,G2A movers last 30d by coverage office,passed,,Q3,7 rows (largest clients green to amber first): ID: clients green to amber 2; SG: clients green to amber 2; TH: clients green to amber 2; …,https://my-workspace.cloud.databricks.com/genie/rooms/my-agent-id
early_warning_monitoring,APAC Genie - Early Warning Monitoring,Credit Workbench,must-answer,Q4,Portfolio trends,Exposure in Amber and Red by industry sector at each month-end since April 2025.,passed,,,"288 rows: Apr 2025 · Agriculture: amber exposure USD 420.4m, red exposure –; Apr 2025 · Automotive: amber exposure –, red exposure –; Apr 2025 · Consumer: amber exposure USD 37.2m, red exposure –; …",https://my-workspace.cloud.databricks.com/genie/rooms/my-agent-id
early_warning_monitoring,APAC Genie - Early Warning Monitoring,Credit Workbench,must-answer,Q5,Triggers and overrides,Which signals most often precede a downgrade within 90 days? (Count of trigger -> downgrade pairs.),passed,,,10 rows (largest signal downgrade pairs first): GRADE_DOWNGRADE: signal downgrade pairs 130; UTIL_HIGH: signal downgrade pairs 114; UTIL_ELEVATED: signal downgrade pairs 96; …,https://my-workspace.cloud.databricks.com/genie/rooms/my-agent-id
early_warning_monitoring,APAC Genie - Early Warning Monitoring,Credit Workbench,variant,Q5-jargon,Triggers and overrides,Rank the EWS triggers by their 90-day downgrade hit rate.,passed,,Q5,10 rows: COV_BREACH: downgrade hit rate 20.0%; DPD_30: downgrade hit rate 20.0%; DPD_15: downgrade hit rate 12.1%; …,https://my-workspace.cloud.databricks.com/genie/rooms/my-agent-id
early_warning_monitoring,APAC Genie - Early Warning Monitoring,Credit Workbench,must-answer,Q6,Triggers and overrides,Clients with a deposit-outflow signal AND a utilisation spike in the same month this fiscal year.,passed,,,3 rows: Dampier Infrastructure Fund Technologies Ltd; Tanaka Chemical (Singapore) Pte Ltd; Irrawaddy Mining Manufacturing (Hong Kong) (HK) Ltd,https://my-workspace.cloud.databricks.com/genie/rooms/my-agent-id
early_warning_monitoring,APAC Genie - Early Warning Monitoring,Credit Workbench,must-answer,Q7,Triggers and overrides,EWS overrides this year and the reasons - how many cite parent support from Japan?,passed,,,4 rows (largest override events first): Steward escalation ahead of the model: credit deterioration (health...: override events 4; Model alert affirmed on review; credit deterioration (health / util...: override events 3; Parent support confirmed (JP data): keepwell from the Japanese pare...: override events 1; …,https://my-workspace.cloud.databricks.com/genie/rooms/my-agent-id
early_warning_monitoring,APAC Genie - Early Warning Monitoring,Credit Workbench,variant,Q7-jargon,Triggers and overrides,How many EWS overrides this FY cite JP parent support?,passed,,Q7,1 row: parent support overrides 2,https://my-workspace.cloud.databricks.com/genie/rooms/my-agent-id
early_warning_monitoring,APAC Genie - Early Warning Monitoring,Credit Workbench,must-answer,Q8,Watchlist,Watchlist actions overdue by owner.,passed,,,22 rows (largest overdue actions first): Hana Reddy: overdue actions 2; Priya Devi: overdue actions 2; Rahul Watanabe: overdue actions 2; …,https://my-workspace.cloud.databricks.com/genie/rooms/my-agent-id
early_warning_monitoring,APAC Genie - Early Warning Monitoring,Credit Workbench,variant,Q8-typo,Watchlist,watchlist actons overdue per ownr,passed,,Q8,22 rows (largest overdue actions first): Hana Reddy: overdue actions 2; Priya Devi: overdue actions 2; Rahul Watanabe: overdue actions 2; …,https://my-workspace.cloud.databricks.com/genie/rooms/my-agent-id
early_warning_monitoring,APAC Genie - Early Warning Monitoring,Credit Workbench,must-answer,Q9,Portfolio trends,"30+ DPD rate by booking country and segment, trend by month.",passed,,,"2,495 rows (largest dpd30 rate first): May 2024 · MY · Sponsor & Structured Finance: dpd30 rate 100.0%; Mar 2026 · HK · Public Sector: dpd30 rate 69.2%; Apr 2026 · HK · Public Sector: dpd30 rate 68.0%; …",https://my-workspace.cloud.databricks.com/genie/rooms/my-agent-id
early_warning_monitoring,APAC Genie - Early Warning Monitoring,Credit Workbench,variant,Q9b,Portfolio trends,"30+ DPD rate by booking country, Sep-26 month-end",passed,,Q9,13 rows (largest dpd30 rate first): TW: dpd30 rate 5.6%; ID: dpd30 rate 2.6%; HK: dpd30 rate 2.5%; …,https://my-workspace.cloud.databricks.com/genie/rooms/my-agent-id
early_warning_monitoring,APAC Genie - Early Warning Monitoring,Credit Workbench,must-answer,Q10,Who is at risk today,Clients with covenant headroom below 10% that are NOT on the watchlist.,passed,,,3 rows: Foods Kadono Services (Hong Kong) Ltd; Tsujimura Steel Holdings Trading (Singapore) Pte Ltd; Visayan Development Board Trading (Singapore) Pte Ltd,https://my-workspace.cloud.databricks.com/genie/rooms/my-agent-id
early_warning_monitoring,APAC Genie - Early Warning Monitoring,Credit Workbench,variant,Q10-jargon,Who is at risk today,which names have cov headroom under 10% and aren't on the WL?,passed,,Q10,3 rows: Foods Kadono Services (Hong Kong) Ltd; Tsujimura Steel Holdings Trading (Singapore) Pte Ltd; Visayan Development Board Trading (Singapore) Pte Ltd,https://my-workspace.cloud.databricks.com/genie/rooms/my-agent-id
early_warning_monitoring,APAC Genie - Early Warning Monitoring,Credit Workbench,storyline check,X1,More tested questions (storyline checks),How many clients are Red today?,passed,,,1 row: clients red 8,https://my-workspace.cloud.databricks.com/genie/rooms/my-agent-id
early_warning_monitoring,APAC Genie - Early Warning Monitoring,Credit Workbench,storyline check,X2,More tested questions (storyline checks),How many clients are on the watchlist right now?,passed,,,1 row: watchlist clients 95,https://my-workspace.cloud.databricks.com/genie/rooms/my-agent-id
early_warning_monitoring,APAC Genie - Early Warning Monitoring,Credit Workbench,follow-up,F1,after S1,Show the same for the Amber clients.,matches,"answered in the same conversation (86 rows), context kept",,,https://my-workspace.cloud.databricks.com/genie/rooms/my-agent-id
client_profitability_roe,APAC Genie - Client Profitability & ROE,RM + Credit,starter,S1,,"Top and bottom 20 client groups by ROE in FY2025, with revenue, capital and credit cost.",matches,Same rows and figures.,Q1,"40 rows: Top 20 · Luzon Beverages: ROE 1637.1%, median client ROE 98.7%, revenue USD 1.11m, allocated capital USD 37k; Top 20 · Irrawaddy Logistics: ROE 1591.2%, median client ROE 100.0%, revenue USD 3.31m, allocated capital USD 96k; Top 20 · Kazami Devices: ROE 1418.7%, median client ROE 100.0%, revenue USD 28.1m, allocated capital USD 1.62m; …",https://my-workspace.cloud.databricks.com/genie/rooms/my-agent-id
client_profitability_roe,APAC Genie - Client Profitability & ROE,RM + Credit,starter,S2,,"Which Japanese-corporate relationships are single-product lending with RoRWA below the hurdle, and what cross-sell would lift them?",matches,Same rows and figures.,Q2b,"38 rows: Yamabe Marine Logistics Trading (Singapore) Pte Ltd · Yamabe Marine Logistics: RoRWA latest quarter 0.4%, RoRWA hurdle 1.2%, RWA USD 22.7m, revenue sep 2026 USD 28k; Risdo Auto Parts Trading Co Ltd · Waratah Consumer Holdings: RoRWA latest quarter 1.1%, RoRWA hurdle 1.2%, RWA USD 22.3m, revenue sep 2026 USD 32k; Akatsuki Motor Services (Hong Kong) (HK) Ltd · Akatsuki Motor: RoRWA latest quarter 0.9%, RoRWA hurdle 1.2%, RWA USD 21.1m, revenue sep 2026 USD 32k; …",https://my-workspace.cloud.databricks.com/genie/rooms/my-agent-id
client_profitability_roe,APAC Genie - Client Profitability & ROE,RM + Credit,starter,S3,,"ROE waterfall for the Hayashi Marine Logistics group, FY2024 vs FY2025.",matches,Same rows and figures.,Q3,"2 rows: FY2024: revenue USD 4.92m, opex USD 515k, credit cost USD 45k, pre tax profit USD 4.36m, tax USD 905k, net income USD 3.46m, allocated capital USD 5.84m, ROE 59.2%, gap to ROE hurdle 49.2%; FY2025: revenue USD 4.80m, opex USD 515k, credit cost USD 28k, pre tax profit USD 4.25m, tax USD 856k, net income USD 3.40m, allocated capital USD 3.58m, ROE 94.8%, gap to ROE hurdle 84.8%",https://my-workspace.cloud.databricks.com/genie/rooms/my-agent-id
client_profitability_roe,APAC Genie - Client Profitability & ROE,RM + Credit,starter,S4,,Revenue mix by product family for Strategic clients vs Core clients.,matches,Same rows and figures.,Q4,"14 rows: Core · Cash: revenue USD 58.4m, revenue mix share 49.2%; Core · Corporate Lending: revenue USD 24.8m, revenue mix share 20.9%; Core · Liquidity: revenue USD 19.4m, revenue mix share 16.3%; …",https://my-workspace.cloud.databricks.com/genie/rooms/my-agent-id
client_profitability_roe,APAC Genie - Client Profitability & ROE,RM + Credit,starter,S5,,Deals approved below hurdle in the last 4 quarters - by exception reason and whether realised RAROC caught up.,matches,Same rows and figures.,Q5,"4 rows: Competitive Pricing: deals 22, amount USD 115.6m, caught up 1, caught up rate 4.5%; Cross-sell Commitment: deals 18, amount USD 410.9m, caught up 1, caught up rate 5.6%; Strategic Client: deals 12, amount USD 218.4m, caught up 1, caught up rate 8.3%; …",https://my-workspace.cloud.databricks.com/genie/rooms/my-agent-id
client_profitability_roe,APAC Genie - Client Profitability & ROE,RM + Credit,starter,S6,,"Net contribution by coverage office and segment, H1 FY2026 vs H1 FY2025.",matches,Same rows and figures.,Q6,"75 rows: AU · –: net contribution H1 FY2026 USD -25k, net contribution H1 FY2025 USD -33k, change USD 7k; AU · Financial Institution: net contribution H1 FY2026 USD 389k, net contribution H1 FY2025 USD 195k, change USD 194k; AU · Japanese Corporate: net contribution H1 FY2026 USD 6.36m, net contribution H1 FY2025 USD 5.68m, change USD 676k; …",https://my-workspace.cloud.databricks.com/genie/rooms/my-agent-id
client_profitability_roe,APAC Genie - Client Profitability & ROE,RM + Credit,starter,S7,,Which groups consume the most capital relative to revenue (lowest revenue per unit of RWA)?,matches,Same rows and figures.,Q7,"20 rows: Tanaka Chemical: revenue per RWA 1.5%, average RWA USD 28.2m, revenue USD 428k, RoRWA 1.0%; Shiramine Precision Group: revenue per RWA 2.0%, average RWA USD 1.77m, revenue USD 36k, RoRWA -0.5%; Narumi Instruments: revenue per RWA 2.2%, average RWA USD 1.75m, revenue USD 38k, RoRWA 0.2%; …",https://my-workspace.cloud.databricks.com/genie/rooms/my-agent-id
client_profitability_roe,APAC Genie - Client Profitability & ROE,RM + Credit,starter,S8,,"RM-level profitability: revenue, RWA and RoRWA per RM in Hong Kong.",matches,Same rows and figures.,Q10,"9 rows: Wei Tan: revenue FYTD USD 4.17m, average RWA USD 151.4m, RoRWA 2.0%, clients 23; Tomo Putra: revenue FYTD USD 2.01m, average RWA USD 30.9m, RoRWA 2.4%, clients 21; Nguyen Tan: revenue FYTD USD 1.82m, average RWA USD 2.52m, RoRWA 11.4%, clients 16; …",https://my-workspace.cloud.databricks.com/genie/rooms/my-agent-id
client_profitability_roe,APAC Genie - Client Profitability & ROE,RM + Credit,must-answer,Q1,Returns by group,"Top and bottom 20 client groups by ROE in FY2025 (groups with allocated capital) - label each Top 20 or Bottom 20 and show ROE, median client ROE, revenue, allocated capital and credit cost.",passed,,,"40 rows: Top 20 · Luzon Beverages: ROE 1637.1%, median client ROE 98.7%, revenue USD 1.11m, allocated capital USD 37k; Top 20 · Irrawaddy Logistics: ROE 1591.2%, median client ROE 100.0%, revenue USD 3.31m, allocated capital USD 96k; Top 20 · Kazami Devices: ROE 1418.7%, median client ROE 100.0%, revenue USD 28.1m, allocated capital USD 1.62m; …",https://my-workspace.cloud.databricks.com/genie/rooms/my-agent-id
client_profitability_roe,APAC Genie - Client Profitability & ROE,RM + Credit,must-answer,Q1b,Returns by group,"Top and bottom 20 client groups by ROE in FY2025 among groups with at least USD 1m of allocated capital - label each Top 20 or Bottom 20 with ROE, median client ROE, revenue, allocated capital and credit cost.",passed,,,"40 rows: Top 20 · Kazami Devices: ROE 1418.7%, median client ROE 100.0%, revenue USD 28.1m, allocated capital USD 1.62m; Top 20 · Oedo Electronics: ROE 363.8%, median client ROE 56.2%, revenue USD 31.8m, allocated capital USD 6.99m; Top 20 · Oribe Marine Logistics: ROE 192.8%, median client ROE 100.0%, revenue USD 16.1m, allocated capital USD 6.22m; …",https://my-workspace.cloud.databricks.com/genie/rooms/my-agent-id
client_profitability_roe,APAC Genie - Client Profitability & ROE,RM + Credit,must-answer,Q2,Below-hurdle relationships,"Which Japanese-corporate relationships are single-product lending with RoRWA below the 8% hurdle? Show client, group, coverage office, RM, latest-quarter RoRWA, the hurdle, RWA and September revenue.",passed,,,"38 rows: Yamabe Marine Logistics Trading (Singapore) Pte Ltd · Yamabe Marine Logistics: RoRWA latest quarter 0.4%, RoRWA hurdle 1.2%, RWA USD 22.7m, revenue sep 2026 USD 28k; Risdo Auto Parts Trading Co Ltd · Waratah Consumer Holdings: RoRWA latest quarter 1.1%, RoRWA hurdle 1.2%, RWA USD 22.3m, revenue sep 2026 USD 32k; Akatsuki Motor Services (Hong Kong) (HK) Ltd · Akatsuki Motor: RoRWA latest quarter 0.9%, RoRWA hurdle 1.2%, RWA USD 21.1m, revenue sep 2026 USD 32k; …",https://my-workspace.cloud.databricks.com/genie/rooms/my-agent-id
client_profitability_roe,APAC Genie - Client Profitability & ROE,RM + Credit,variant,Q2-jargon,Below-hurdle relationships,"JC mono-line lending names under the 8% hurdle - RoRWA vs hurdle, RWA, Sep revenue, RM and office",passed,,Q2,"38 rows (largest RoRWA latest quarter first): Konabe Machinery Pte Ltd · SG · Jun Mehta: RoRWA latest quarter 1.1%, RWA USD 8.97m; Risdo Auto Parts Trading Co Ltd · TH · Nguyen Rahman: RoRWA latest quarter 1.1%, RWA USD 22.3m; Sakaida Materials Group (Hong Kong) (HK) Ltd · HK · Aiko Zhang: RoRWA latest quarter 1.0%, RWA USD 12.3m; …",https://my-workspace.cloud.databricks.com/genie/rooms/my-agent-id
client_profitability_roe,APAC Genie - Client Profitability & ROE,RM + Credit,must-answer,Q2b,Below-hurdle relationships,"What cross-sell would lift the Japanese-corporate single-product lending relationships below the RoRWA hurdle? For each client show its latest-quarter RoRWA, the top cross-sell product from the latest next-best-product scores and its propensity.",passed,,,"38 rows: Souma Fibre (Bangkok) PCL · Time Deposit: RoRWA latest quarter -27.2%, propensity 0.774; Yamabe Machinery Pta Ltd · –: RoRWA latest quarter -27.1%, propensity –; Shiramine Semiconductor Trading (Jakarta) PT Tbk · Cash Management Mandate: RoRWA latest quarter -22.5%, propensity 0.755; …",https://my-workspace.cloud.databricks.com/genie/rooms/my-agent-id
client_profitability_roe,APAC Genie - Client Profitability & ROE,RM + Credit,must-answer,Q3,Returns by group,"ROE waterfall for the Hayashi Marine Logistics group, FY2024 vs FY2025: revenue, opex, credit cost, pre-tax profit, tax, net income, allocated capital, ROE and the gap to the ROE hurdle.",passed,,,"2 rows: FY2024: revenue USD 4.92m, opex USD 515k, credit cost USD 45k, pre tax profit USD 4.36m, tax USD 905k, net income USD 3.46m, allocated capital USD 5.84m, ROE 59.2%, gap to ROE hurdle 49.2%; FY2025: revenue USD 4.80m, opex USD 515k, credit cost USD 28k, pre tax profit USD 4.25m, tax USD 856k, net income USD 3.40m, allocated capital USD 3.58m, ROE 94.8%, gap to ROE hurdle 84.8%",https://my-workspace.cloud.databricks.com/genie/rooms/my-agent-id
client_profitability_roe,APAC Genie - Client Profitability & ROE,RM + Credit,variant,Q3-casual,Returns by group,"walk me through hayashi marine logistics' ROE waterfall, FY24 vs FY25",passed,,Q3,"2 rows: FY2025: revenue USD 4.80m, net income USD 3.40m, ROE 94.8%; FY2024: revenue USD 4.92m, net income USD 3.46m, ROE 59.2%",https://my-workspace.cloud.databricks.com/genie/rooms/my-agent-id
client_profitability_roe,APAC Genie - Client Profitability & ROE,RM + Credit,must-answer,Q4,Revenue mix and contribution,Revenue mix by product family for Strategic clients vs Core clients this fiscal year - revenue and each family's share of the tier's revenue.,passed,,,"14 rows: Core · Cash: revenue USD 58.4m, revenue mix share 49.2%; Core · Corporate Lending: revenue USD 24.8m, revenue mix share 20.9%; Core · Liquidity: revenue USD 19.4m, revenue mix share 16.3%; …",https://my-workspace.cloud.databricks.com/genie/rooms/my-agent-id
client_profitability_roe,APAC Genie - Client Profitability & ROE,RM + Credit,must-answer,Q5,Deal pricing,"Deals approved below hurdle in the last 4 quarters - by exception reason and whether realised RAROC caught up: deals, amount, deals caught up, caught-up rate, average origination and realised RAROC.",passed,,,"4 rows: Competitive Pricing: deals 22, amount USD 115.6m, caught up 1, caught up rate 4.5%; Cross-sell Commitment: deals 18, amount USD 410.9m, caught up 1, caught up rate 5.6%; Strategic Client: deals 12, amount USD 218.4m, caught up 1, caught up rate 8.3%; …",https://my-workspace.cloud.databricks.com/genie/rooms/my-agent-id
client_profitability_roe,APAC Genie - Client Profitability & ROE,RM + Credit,must-answer,Q5b,Deal pricing,"Deals approved below hurdle in the rolling last 4 quarters to 30-Sep-2026, by exception reason and realised status - number of deals and amount.",passed,,,"8 rows: Competitive Pricing · Not yet seasoned: deals 7, amount USD 147.1m; Competitive Pricing · Still below hurdle: deals 9, amount USD 27.8m; Cross-sell Commitment · Not yet seasoned: deals 2, amount USD 4.38m; …",https://my-workspace.cloud.databricks.com/genie/rooms/my-agent-id
client_profitability_roe,APAC Genie - Client Profitability & ROE,RM + Credit,must-answer,Q6,Revenue mix and contribution,"Net contribution by coverage office and segment, H1 FY2026 vs H1 FY2025, with the change.",passed,,,"75 rows: AU · –: net contribution H1 FY2026 USD -25k, net contribution H1 FY2025 USD -33k, change USD 7k; AU · Financial Institution: net contribution H1 FY2026 USD 389k, net contribution H1 FY2025 USD 195k, change USD 194k; AU · Japanese Corporate: net contribution H1 FY2026 USD 6.36m, net contribution H1 FY2025 USD 5.68m, change USD 676k; …",https://my-workspace.cloud.databricks.com/genie/rooms/my-agent-id
client_profitability_roe,APAC Genie - Client Profitability & ROE,RM + Credit,must-answer,Q7,Returns by group,"Which groups consume the most capital relative to revenue (lowest revenue per unit of RWA) in FY2025? Show the 20 lowest with revenue per RWA, average RWA, revenue and RoRWA.",passed,,,"20 rows: Tanaka Chemical: revenue per RWA 1.5%, average RWA USD 28.2m, revenue USD 428k, RoRWA 1.0%; Shiramine Precision Group: revenue per RWA 2.0%, average RWA USD 1.77m, revenue USD 36k, RoRWA -0.5%; Narumi Instruments: revenue per RWA 2.2%, average RWA USD 1.75m, revenue USD 38k, RoRWA 0.2%; …",https://my-workspace.cloud.databricks.com/genie/rooms/my-agent-id
client_profitability_roe,APAC Genie - Client Profitability & ROE,RM + Credit,variant,Q7-typo,Returns by group,"which groups use the most captial vs revenue in FY2025 - bottom 20 on revenue per RWA with avg RWA, revenue and RoRWA",passed,,Q7,"20 rows: Tanaka Chemical: revenue per RWA 1.5%, average RWA USD 28.2m, revenue USD 428k, RoRWA 1.0%; Shiramine Precision Group: revenue per RWA 2.0%, average RWA USD 1.77m, revenue USD 36k, RoRWA -0.5%; Narumi Instruments: revenue per RWA 2.2%, average RWA USD 1.75m, revenue USD 38k, RoRWA 0.2%; …",https://my-workspace.cloud.databricks.com/genie/rooms/my-agent-id
client_profitability_roe,APAC Genie - Client Profitability & ROE,RM + Credit,must-answer,Q8,Below-hurdle relationships,"Clients where credit cost exceeded 30% of revenue in FY2025 - client, group, revenue, credit cost and credit cost / revenue.",passed,,,"41 rows: Mekong Ventures Partners Trading Pte Ltd · Mekong Ventures Partners: revenue USD 368k, credit cost USD 496k, credit cost to revenue 134.6%; Sabah Energy (Taipei) Co Ltd · Sabah Energy: revenue USD 132k, credit cost USD 134k, credit cost to revenue 101.9%; Palawan Capital Partners Partners (Hong Kong) (HK) Ltd · Palawan Capital Partners Partners: revenue USD 340k, credit cost USD 308k, credit cost to revenue 90.5%; …",https://my-workspace.cloud.databricks.com/genie/rooms/my-agent-id
client_profitability_roe,APAC Genie - Client Profitability & ROE,RM + Credit,must-answer,Q9a,Revenue mix and contribution,"Products per client by segment at the latest month-end (one row per segment, including clients with no segment), with the median client RoRWA and the number of clients.",passed,,,"6 rows: Japanese Corporate: products per client 7.7, median client RoRWA 1.4%, clients 1,001; Sponsor & Structured Finance: products per client 7.45, median client RoRWA 1.0%, clients 236; Financial Institution: products per client 7.43, median client RoRWA 2.2%, clients 141; …",https://my-workspace.cloud.databricks.com/genie/rooms/my-agent-id
client_profitability_roe,APAC Genie - Client Profitability & ROE,RM + Credit,must-answer,Q9b,Revenue mix and contribution,"How does RoRWA relate to the number of products held? By product-count bucket at the latest month-end, show clients, median client RoRWA, portfolio RoRWA and clients below the RoRWA hurdle.",passed,,,"6 rows: 0 products: clients 6, median client RoRWA –, portfolio RoRWA –, clients below hurdle 4; 1 product: clients 106, median client RoRWA -1.3%, portfolio RoRWA 1.3%, clients below hurdle 62; 2 products: clients 63, median client RoRWA 0.5%, portfolio RoRWA 1.2%, clients below hurdle 16; …",https://my-workspace.cloud.databricks.com/genie/rooms/my-agent-id
client_profitability_roe,APAC Genie - Client Profitability & ROE,RM + Credit,must-answer,Q10,RM profitability,"RM-level profitability: revenue, RWA and RoRWA per RM in Hong Kong this fiscal year, with the number of clients.",passed,,,"9 rows: Wei Tan: revenue FYTD USD 4.17m, average RWA USD 151.4m, RoRWA 2.0%, clients 23; Tomo Putra: revenue FYTD USD 2.01m, average RWA USD 30.9m, RoRWA 2.4%, clients 21; Nguyen Tan: revenue FYTD USD 1.82m, average RWA USD 2.52m, RoRWA 11.4%, clients 16; …",https://my-workspace.cloud.databricks.com/genie/rooms/my-agent-id
client_profitability_roe,APAC Genie - Client Profitability & ROE,RM + Credit,variant,Q10-abbrev,RM profitability,"HK RM P&L by RM - FYTD rev, avg RWA, RoRWA, clients",missed,sometimes misses: see the safer wording,Q10,"9 rows: Wei Tan: revenue FYTD USD 4.17m, average RWA USD 151.4m, RoRWA 2.0%, clients 23; Tomo Putra: revenue FYTD USD 2.01m, average RWA USD 30.9m, RoRWA 2.4%, clients 21; Nguyen Tan: revenue FYTD USD 1.82m, average RWA USD 2.52m, RoRWA 11.4%, clients 16; …",https://my-workspace.cloud.databricks.com/genie/rooms/my-agent-id
client_profitability_roe,APAC Genie - Client Profitability & ROE,RM + Credit,storyline check,X1,More tested questions (storyline checks),"How many FY2025 deals were approved below hurdle on Relationship exceptions, and how many of them caught up?",passed,,,"1 row: relationship exceptions 9, caught up 3",https://my-workspace.cloud.databricks.com/genie/rooms/my-agent-id
client_profitability_roe,APAC Genie - Client Profitability & ROE,RM + Credit,storyline check,X2,More tested questions (storyline checks),"In one row: the Kinokawa Precision group's revenue in H1 FY2026, its revenue in the same months of FY2025 (H1 FY2025) and the YoY growth.",passed,,,"1 row: revenue H1 FY2026 USD 4.15m, revenue H1 FY2025 USD 5.43m, revenue YoY -23.5%",https://my-workspace.cloud.databricks.com/genie/rooms/my-agent-id
client_profitability_roe,APAC Genie - Client Profitability & ROE,RM + Credit,safer wording,Q10-abbrev,,"RM-level profitability: revenue, RWA and RoRWA per RM in Hong Kong this fiscal year, with the number of clients.",matches,same rows as the benchmark,Q10-abbrev,"9 rows: Wei Tan: revenue FYTD USD 4.17m, average RWA USD 151.4m, RoRWA 2.0%, clients 23; Tomo Putra: revenue FYTD USD 2.01m, average RWA USD 30.9m, RoRWA 2.4%, clients 21; Nguyen Tan: revenue FYTD USD 1.82m, average RWA USD 2.52m, RoRWA 11.4%, clients 16; …",https://my-workspace.cloud.databricks.com/genie/rooms/my-agent-id
client_profitability_roe,APAC Genie - Client Profitability & ROE,RM + Credit,follow-up,F1,after S3,Now show the same waterfall for the Kinokawa Precision group.,matches,"answered in the same conversation (2 rows), context kept",,,https://my-workspace.cloud.databricks.com/genie/rooms/my-agent-id
client_onboarding_kyc,APAC Genie - Client Onboarding & KYC,Others (onboarding and KYC),starter,S1,,"Median and P90 days to go live by booking country, by request month since April 2025",matches,Same rows and figures.,Q1,"102 rows: AU · Apr 2025: live cases 2, median days to live 22, P90 days to live 25.2; AU · Jul 2025: live cases 1, median days to live 25, P90 days to live 25; AU · Aug 2025: live cases 1, median days to live 20, P90 days to live 20; …",https://my-workspace.cloud.databricks.com/genie/rooms/my-agent-id
client_onboarding_kyc,APAC Genie - Client Onboarding & KYC,Others (onboarding and KYC),starter,S2,,"Which stage adds the most days for Financial Institution clients, and did it change after February 2026?",matches,Same rows and figures.,Q2,"6 rows: Request: Stage Number 1, avg days before feb 2026 1.2, avg days from feb 2026 1.1; KYC Docs: Stage Number 2, avg days before feb 2026 8.9, avg days from feb 2026 12.1; Screening: Stage Number 3, avg days before feb 2026 3.3, avg days from feb 2026 4.3; …",https://my-workspace.cloud.databricks.com/genie/rooms/my-agent-id
client_onboarding_kyc,APAC Genie - Client Onboarding & KYC,Others (onboarding and KYC),starter,S3,,"Open onboarding cases over SLA right now, by owner and blocker reason",matches,Same rows and figures.,Q3,28 rows: Onboarding Officer SYN-P-0211 · Workflow Migration Backlog: cases over SLA 2; Onboarding Officer SYN-P-0230 · UBO Verification Pending: cases over SLA 2; Onboarding Officer SYN-P-0231 · Awaiting Client Documents: cases over SLA 2; …,https://my-workspace.cloud.databricks.com/genie/rooms/my-agent-id
client_onboarding_kyc,APAC Genie - Client Onboarding & KYC,Others (onboarding and KYC),starter,S4,,Documents outstanding by type for cases stuck in KYC Docs more than 15 days,matches,Same rows and figures.,Q4,11 rows: UBO Declaration: outstanding documents 9; Audited Financial Statements: outstanding documents 7; Constitutional Documents: outstanding documents 7; …,https://my-workspace.cloud.databricks.com/genie/rooms/my-agent-id
client_onboarding_kyc,APAC Genie - Client Onboarding & KYC,Others (onboarding and KYC),starter,S5,,"Break down all new onboarding cases by match timing (at intake, only after account opening, new group): how many cases and what share of all cases?",matches,"Genie shows 3 of the benchmark's 5 columns (not shown: live cases, share of live cases).",Q5,"3 rows: At Intake: cases 263, share of cases 73.5%, live cases 208, share of live cases 84.2%; New Group: cases 56, share of cases 15.6%, live cases 0, share of live cases 0.0%; After Account Opening: cases 39, share of cases 10.9%, live cases 39, share of live cases 15.8%",https://my-workspace.cloud.databricks.com/genie/rooms/my-agent-id
client_onboarding_kyc,APAC Genie - Client Onboarding & KYC,Others (onboarding and KYC),starter,S6,,"Periodic KYC reviews overdue by risk rating and country, trend since January 2026",matches,Same rows and figures.,Q6,138 rows: Jan 2026 · High · AU: overdue reviews 1; Jan 2026 · High · CN: overdue reviews 1; Jan 2026 · High · HK: overdue reviews 1; …,https://my-workspace.cloud.databricks.com/genie/rooms/my-agent-id
client_onboarding_kyc,APAC Genie - Client Onboarding & KYC,Others (onboarding and KYC),starter,S7,,Screening true-match rate and average resolution hours by list,matches,Same rows and figures.,Q9,"8 rows: PEP Database: alerts 3,876, true matches 91, true match rate 2.3%, avg resolution hours 4.8; Adverse Media: alerts 4,642, true matches 105, true match rate 2.3%, avg resolution hours 4.8; Internal Watchlist: alerts 738, true matches 10, true match rate 1.4%, avg resolution hours 4.7; …",https://my-workspace.cloud.databricks.com/genie/rooms/my-agent-id
client_onboarding_kyc,APAC Genie - Client Onboarding & KYC,Others (onboarding and KYC),starter,S8,,Post-onboarding satisfaction by country and the most common negative comment themes,answered but differs,Genie answers both parts in one table - survey responses and average satisfaction by country match the benchmark; its negative count is for each country's most common theme only (the benchmark counts all negative responses).,Q10,"13 rows: MY: responses 4, avg satisfaction 3.25, negative responses 1; TW: responses 8, avg satisfaction 3.5, negative responses 1; IN: responses 9, avg satisfaction 3.67, negative responses 1; …",https://my-workspace.cloud.databricks.com/genie/rooms/my-agent-id
client_onboarding_kyc,APAC Genie - Client Onboarding & KYC,Others (onboarding and KYC),must-answer,Q1,Cycle time,"Median and P90 days to go live by booking country and request month, for live cases requested since April 2025, with the number of live cases.",passed,,,"102 rows: AU · Apr 2025: live cases 2, median days to live 22, P90 days to live 25.2; AU · Jul 2025: live cases 1, median days to live 25, P90 days to live 25; AU · Aug 2025: live cases 1, median days to live 20, P90 days to live 20; …",https://my-workspace.cloud.databricks.com/genie/rooms/my-agent-id
client_onboarding_kyc,APAC Genie - Client Onboarding & KYC,Others (onboarding and KYC),must-answer,Q1b,Cycle time,"Median and P90 days to go live by KYC migration period, with the number of live cases.",passed,,,"4 rows: Pre-migration: live cases 192, median days to live 21, P90 days to live 26; Recovery (from Jun-2026): live cases 12, median days to live 26.5, P90 days to live 31.6; Migration (Feb-2026): live cases 14, median days to live 27, P90 days to live 29; …",https://my-workspace.cloud.databricks.com/genie/rooms/my-agent-id
client_onboarding_kyc,APAC Genie - Client Onboarding & KYC,Others (onboarding and KYC),must-answer,Q2,Cycle time,"Which onboarding stage adds the most days for Financial Institution clients, and did it change after February 2026? Show the average days in each stage (stages 1-6) for requests before February 2026 and from February 2026.",passed,,,"6 rows: Request: Stage Number 1, avg days before feb 2026 1.2, avg days from feb 2026 1.1; KYC Docs: Stage Number 2, avg days before feb 2026 8.9, avg days from feb 2026 12.1; Screening: Stage Number 3, avg days before feb 2026 3.3, avg days from feb 2026 4.3; …",https://my-workspace.cloud.databricks.com/genie/rooms/my-agent-id
client_onboarding_kyc,APAC Genie - Client Onboarding & KYC,Others (onboarding and KYC),must-answer,Q3,Backlog and SLA,"Open onboarding cases over SLA right now, by owner and blocker reason.",passed,,,28 rows: Onboarding Officer SYN-P-0211 · Workflow Migration Backlog: cases over SLA 2; Onboarding Officer SYN-P-0230 · UBO Verification Pending: cases over SLA 2; Onboarding Officer SYN-P-0231 · Awaiting Client Documents: cases over SLA 2; …,https://my-workspace.cloud.databricks.com/genie/rooms/my-agent-id
client_onboarding_kyc,APAC Genie - Client Onboarding & KYC,Others (onboarding and KYC),must-answer,Q4,Backlog and SLA,Documents outstanding by document type for cases stuck in KYC Docs more than 15 days.,passed,,,11 rows: UBO Declaration: outstanding documents 9; Audited Financial Statements: outstanding documents 7; Constitutional Documents: outstanding documents 7; …,https://my-workspace.cloud.databricks.com/genie/rooms/my-agent-id
client_onboarding_kyc,APAC Genie - Client Onboarding & KYC,Others (onboarding and KYC),must-answer,Q5,Matching new clients to known groups,"What share of new onboarding cases was matched to an existing client group? Break it down by match timing with cases, share of all cases, live cases and share of all live cases (shares as fractions).",passed,,,"3 rows: At Intake: cases 263, share of cases 73.5%, live cases 208, share of live cases 84.2%; New Group: cases 56, share of cases 15.6%, live cases 0, share of live cases 0.0%; After Account Opening: cases 39, share of cases 10.9%, live cases 39, share of live cases 15.8%",https://my-workspace.cloud.databricks.com/genie/rooms/my-agent-id
client_onboarding_kyc,APAC Genie - Client Onboarding & KYC,Others (onboarding and KYC),must-answer,Q5b,Matching new clients to known groups,"Which onboarding cases were matched to their client group only after account opening? Show client, client group, booking country, request date and the number of such cases.",passed,,,39 rows: Hoshioka Electronics Group Logistics (Singapore) Pte Ltd · Hoshioka Electronics Group · SG · 11 May 2024: cases 1; Kadono Marine Logistics Holdings Manufacturing (Hong Kong) Ltd · Kadono Marine Logistics Holdings · HK · 15 Jul 2024: cases 1; Suvarna Telecom (Bangkok) PCL · Suvarna Telecom · TH · 21 Jul 2024: cases 1; …,https://my-workspace.cloud.databricks.com/genie/rooms/my-agent-id
client_onboarding_kyc,APAC Genie - Client Onboarding & KYC,Others (onboarding and KYC),must-answer,Q6,Periodic KYC and screening,Periodic KYC reviews overdue by client risk rating and booking country at each month-end since January 2026.,passed,,,138 rows: Jan 2026 · High · AU: overdue reviews 1; Jan 2026 · High · CN: overdue reviews 1; Jan 2026 · High · HK: overdue reviews 1; …,https://my-workspace.cloud.databricks.com/genie/rooms/my-agent-id
client_onboarding_kyc,APAC Genie - Client Onboarding & KYC,Others (onboarding and KYC),must-answer,Q6b,Periodic KYC and screening,"High-risk periodic KYC reviews overdue at each month-end since April 2025, alongside all overdue periodic reviews.",passed,,,"18 rows: Apr 2025: high risk overdue 4, all overdue 10; May 2025: high risk overdue 4, all overdue 18; Jun 2025: high risk overdue 4, all overdue 13; …",https://my-workspace.cloud.databricks.com/genie/rooms/my-agent-id
client_onboarding_kyc,APAC Genie - Client Onboarding & KYC,Others (onboarding and KYC),must-answer,Q7,Volumes and activation,"Onboarding requests by request segment and product requested: FY2026 H1 vs FY2025 H1, and full-year FY2025.",passed,,,"32 rows: Non-Japanese Large Corporate · Current Account: FY2026 H1 requests 23, FY2025 H1 requests 25, FY2025 full year requests 47; Japanese Corporate · Current Account: FY2026 H1 requests 21, FY2025 H1 requests 29, FY2025 full year requests 71; Sponsor & Structured Finance · Current Account: FY2026 H1 requests 14, FY2025 H1 requests 5, FY2025 full year requests 12; …",https://my-workspace.cloud.databricks.com/genie/rooms/my-agent-id
client_onboarding_kyc,APAC Genie - Client Onboarding & KYC,Others (onboarding and KYC),must-answer,Q7b,Volumes and activation,"Onboarding cases opened by request segment, primary product and fiscal half for FY2025-H1 and FY2026-H1 - one row per segment, product and half.",passed,,,12 rows: Financial Institution · Correspondent Account · FY2025-H1: requests 5; Financial Institution · Correspondent Account · FY2026-H1: requests 10; Financial Institution · Current Account · FY2025-H1: requests 5; …,https://my-workspace.cloud.databricks.com/genie/rooms/my-agent-id
client_onboarding_kyc,APAC Genie - Client Onboarding & KYC,Others (onboarding and KYC),must-answer,Q8,Volumes and activation,"Which clients onboarded in FY2026 have not transacted within 60 days of go-live? Show client, booking country, the number of such cases and the average days to first transaction.",passed,,,"4 rows: Chaophraya Development Board (Ho Chi Minh City) Co Ltd · VN: not transacted within 60d 1, days to first transaction 122; Luzon Infrastructure Group Trading (Hong Kong) (HK) Ltd · HK: not transacted within 60d 1, days to first transaction 103; Umezono Devices Group (Singapore) Pte Ltd · SG: not transacted within 60d 1, days to first transaction 90; …",https://my-workspace.cloud.databricks.com/genie/rooms/my-agent-id
client_onboarding_kyc,APAC Genie - Client Onboarding & KYC,Others (onboarding and KYC),must-answer,Q9,Periodic KYC and screening,"Screening true-match rate and average resolution hours by list, with the number of alerts and true matches.",passed,,,"8 rows: PEP Database: alerts 3,876, true matches 91, true match rate 2.3%, avg resolution hours 4.8; Adverse Media: alerts 4,642, true matches 105, true match rate 2.3%, avg resolution hours 4.8; Internal Watchlist: alerts 738, true matches 10, true match rate 1.4%, avg resolution hours 4.7; …",https://my-workspace.cloud.databricks.com/genie/rooms/my-agent-id
client_onboarding_kyc,APAC Genie - Client Onboarding & KYC,Others (onboarding and KYC),must-answer,Q10,Client feedback,"Post-onboarding satisfaction by booking country: survey responses, average satisfaction and negative responses.",passed,,,"13 rows: MY: responses 4, avg satisfaction 3.25, negative responses 1; TW: responses 8, avg satisfaction 3.5, negative responses 1; IN: responses 9, avg satisfaction 3.67, negative responses 1; …",https://my-workspace.cloud.databricks.com/genie/rooms/my-agent-id
client_onboarding_kyc,APAC Genie - Client Onboarding & KYC,Others (onboarding and KYC),must-answer,Q10b,Client feedback,"What are the most common negative comment themes after onboarding, by number of negative responses?",passed,,,3 rows: Turnaround Time: negative responses 7; Communication: negative responses 2; Document Requests: negative responses 1,https://my-workspace.cloud.databricks.com/genie/rooms/my-agent-id
client_onboarding_kyc,APAC Genie - Client Onboarding & KYC,Others (onboarding and KYC),variant,Q3-casual,Backlog and SLA,which onboarding cases are blowing through SLA at the moment? split it by owner and blocker,passed,,Q3,28 rows: Onboarding Officer SYN-P-0211 · Workflow Migration Backlog: cases over SLA 2; Onboarding Officer SYN-P-0230 · UBO Verification Pending: cases over SLA 2; Onboarding Officer SYN-P-0231 · Awaiting Client Documents: cases over SLA 2; …,https://my-workspace.cloud.databricks.com/genie/rooms/my-agent-id
client_onboarding_kyc,APAC Genie - Client Onboarding & KYC,Others (onboarding and KYC),variant,Q9-typo,Periodic KYC and screening,"screning true match rate and avg resolution hours by list, incl alerts and true matches",passed,,Q9,"8 rows: PEP Database: alerts 3,876, true matches 91, true match rate 2.3%, avg resolution hours 4.8; Adverse Media: alerts 4,642, true matches 105, true match rate 2.3%, avg resolution hours 4.8; Internal Watchlist: alerts 738, true matches 10, true match rate 1.4%, avg resolution hours 4.7; …",https://my-workspace.cloud.databricks.com/genie/rooms/my-agent-id
client_onboarding_kyc,APAC Genie - Client Onboarding & KYC,Others (onboarding and KYC),variant,Q1b-abbrev,Cycle time,median & P90 days-to-live by KYC migration period + live case count,passed,,Q1b,"4 rows: Pre-migration: live cases 192, median days to live 21, P90 days to live 26; Recovery (from Jun-2026): live cases 12, median days to live 26.5, P90 days to live 31.6; Migration (Feb-2026): live cases 14, median days to live 27, P90 days to live 29; …",https://my-workspace.cloud.databricks.com/genie/rooms/my-agent-id
client_onboarding_kyc,APAC Genie - Client Onboarding & KYC,Others (onboarding and KYC),variant,Q6b-jargon,Periodic KYC and screening,high-risk CDD backlog: periodic KYC refreshes overdue at each month-end since Apr-25 vs total periodic overdue,passed,,Q6b,"18 rows: Apr 2025: high risk overdue 4, all overdue 10; May 2025: high risk overdue 4, all overdue 18; Jun 2025: high risk overdue 4, all overdue 13; …",https://my-workspace.cloud.databricks.com/genie/rooms/my-agent-id
client_onboarding_kyc,APAC Genie - Client Onboarding & KYC,Others (onboarding and KYC),variant,Q10b-casual,Client feedback,what are clients complaining about after onboarding? rank the negative comment themes,passed,,Q10b,3 rows: Turnaround Time: negative responses 7; Communication: negative responses 2; Document Requests: negative responses 1,https://my-workspace.cloud.databricks.com/genie/rooms/my-agent-id
client_onboarding_kyc,APAC Genie - Client Onboarding & KYC,Others (onboarding and KYC),follow-up,F1,after S3,Only the cases booked in Singapore.,matches,"answered in the same conversation (4 rows), context kept",,,https://my-workspace.cloud.databricks.com/genie/rooms/my-agent-id
tb_cash_payments_liquidity,"APAC Genie - Transactional Banking: Cash, Payments & Liquidity",Transactional Banking,starter,S1,,"What was the total CASA balance by booking country at the end of September 2026, and how did it move versus August?",matches,Same rows and figures.,Q1,"13 rows: HK: CASA balance sep 2026 USD 3.74bn, CASA balance aug 2026 USD 3.47bn, CASA change vs aug USD 265.1m; SG: CASA balance sep 2026 USD 3.38bn, CASA balance aug 2026 USD 3.13bn, CASA change vs aug USD 255.6m; CN: CASA balance sep 2026 USD 1.36bn, CASA balance aug 2026 USD 1.26bn, CASA change vs aug USD 102.0m; …",https://my-workspace.cloud.databricks.com/genie/rooms/my-agent-id
tb_cash_payments_liquidity,"APAC Genie - Transactional Banking: Cash, Payments & Liquidity",Transactional Banking,starter,S2,,"Which client groups drove the largest CASA outflow in Q2 FY2026, and did it move to time deposits or leave the bank?",matches,Same rows and figures.,Q2,"20 rows: Hoshioka Electronics Group · Mostly moved to time deposits: CASA movement USD -232.3m, CASA moved to TD USD 150.7m, total deposit movement USD 7.43m; Kazami Devices · Mostly moved to time deposits: CASA movement USD -218.9m, CASA moved to TD USD 223.2m, total deposit movement USD -440k; Oedo Electronics · Mostly moved to time deposits: CASA movement USD -206.9m, CASA moved to TD USD 184.1m, total deposit movement USD 43.7m; …",https://my-workspace.cloud.databricks.com/genie/rooms/my-agent-id
tb_cash_payments_liquidity,"APAC Genie - Transactional Banking: Cash, Payments & Liquidity",Transactional Banking,starter,S3,,How has the CASA ratio of Japanese vs non-Japanese corporates trended month by month since FY2025?,matches,Same rows and figures.,Q3,36 rows: Apr 2025 · Japanese corporate: CASA ratio 60.3%; Apr 2025 · Non-Japanese: CASA ratio 58.6%; May 2025 · Japanese corporate: CASA ratio 60.3%; …,https://my-workspace.cloud.databricks.com/genie/rooms/my-agent-id
tb_cash_payments_liquidity,"APAC Genie - Transactional Banking: Cash, Payments & Liquidity",Transactional Banking,starter,S4,,How much of our clients' outbound supplier payments this fiscal year went to accounts at other banks?,matches,Genie shows supplier share paid to other banks on a 0-100 scale.,Q4b,"1 row: supplier share paid to other banks 35.1%, supplier payments to other banks USD 1.22bn, supplier payments USD 3.48bn",https://my-workspace.cloud.databricks.com/genie/rooms/my-agent-id
tb_cash_payments_liquidity,"APAC Genie - Transactional Banking: Cash, Payments & Liquidity",Transactional Banking,starter,S5,,"Where is the STP rate lowest by channel and currency this fiscal year, and where are repairs concentrated?",answered but differs,"Genie answers both parts in one table - the single lowest channel and currency pair (FAST in MYR, 84.4%, with no minimum volume) and the top repair reasons per channel; the benchmark lists the 12 lowest pairs with at least 200 payments.",Q5,"12 rows: ISO 20022 · MYR: payments 392, STP rate 88.8%, repairs 44; RTGS · HKD: payments 271, STP rate 88.9%, repairs 30; Portal · AUD: payments 264, STP rate 89.0%, repairs 29; …",https://my-workspace.cloud.databricks.com/genie/rooms/my-agent-id
tb_cash_payments_liquidity,"APAC Genie - Transactional Banking: Cash, Payments & Liquidity",Transactional Banking,starter,S6,,"Which multi-country groups have no liquidity pooling structure, ranked by their deposits?",matches,Same rows and figures.,Q6,"20 rows: Oedo Electronics: Group APAC Countries 6, group deposits USD 1.82bn; Ebisawa Chemical: Group APAC Countries 9, group deposits USD 824.1m; Oribe Marine Logistics: Group APAC Countries 6, group deposits USD 763.1m; …",https://my-workspace.cloud.databricks.com/genie/rooms/my-agent-id
tb_cash_payments_liquidity,"APAC Genie - Transactional Banking: Cash, Payments & Liquidity",Transactional Banking,starter,S7,,Which clients' payment volume through us dropped more than 30% year on year while their balances held steady?,matches,Same rows and figures.,Q8,"79 rows: Kazami Foods Group (Seoul) Co Ltd: payments H1 FY2025 USD 70.9m, payments H1 FY2026 USD 47.2m, payment volume YoY -33.4%, avg deposits change 0.0556; Fuwa Materials (Kuala Lumpur): payments H1 FY2025 USD 48.7m, payments H1 FY2026 USD 28.2m, payment volume YoY -42.2%, avg deposits change -0.0283; Konabe Precision Group Trading (Hong Kong) Ltd: payments H1 FY2025 USD 41.2m, payments H1 FY2026 USD 26.6m, payment volume YoY -35.5%, avg deposits change -0.0265; …",https://my-workspace.cloud.databricks.com/genie/rooms/my-agent-id
tb_cash_payments_liquidity,"APAC Genie - Transactional Banking: Cash, Payments & Liquidity",Transactional Banking,starter,S8,,Who still sends manual payment instructions - digital adoption by segment this fiscal year?,matches,Genie adds 2 columns.,Q9,"5 rows: Public Sector: active clients 102, digital share 96.9%, manual instruction share 3.1%, clients sending manual instructions 25; Financial Institution: active clients 123, digital share 97.3%, manual instruction share 2.7%, clients sending manual instructions 20; Sponsor & Structured Finance: active clients 211, digital share 97.3%, manual instruction share 2.7%, clients sending manual instructions 34; …",https://my-workspace.cloud.databricks.com/genie/rooms/my-agent-id
tb_cash_payments_liquidity,"APAC Genie - Transactional Banking: Cash, Payments & Liquidity",Transactional Banking,must-answer,Q1,Deposits and CASA,"What was the total CASA balance by booking country at the end of September 2026, with the end-August 2026 balance and the change versus August?",passed,,,"13 rows: HK: CASA balance sep 2026 USD 3.74bn, CASA balance aug 2026 USD 3.47bn, CASA change vs aug USD 265.1m; SG: CASA balance sep 2026 USD 3.38bn, CASA balance aug 2026 USD 3.13bn, CASA change vs aug USD 255.6m; CN: CASA balance sep 2026 USD 1.36bn, CASA balance aug 2026 USD 1.26bn, CASA change vs aug USD 102.0m; …",https://my-workspace.cloud.databricks.com/genie/rooms/my-agent-id
tb_cash_payments_liquidity,"APAC Genie - Transactional Banking: Cash, Payments & Liquidity",Transactional Banking,variant,Q1-casual,Deposits and CASA,"casa by country end of sept vs end of aug, and how much did it change?",passed,,Q1,"13 rows: HK: CASA balance sep 2026 USD 3.74bn, CASA balance aug 2026 USD 3.47bn, CASA change vs aug USD 265.1m; SG: CASA balance sep 2026 USD 3.38bn, CASA balance aug 2026 USD 3.13bn, CASA change vs aug USD 255.6m; CN: CASA balance sep 2026 USD 1.36bn, CASA balance aug 2026 USD 1.26bn, CASA change vs aug USD 102.0m; …",https://my-workspace.cloud.databricks.com/genie/rooms/my-agent-id
tb_cash_payments_liquidity,"APAC Genie - Transactional Banking: Cash, Payments & Liquidity",Transactional Banking,must-answer,Q2,Deposits and CASA,"Show the 20 client groups with the largest CASA outflow in Q2 FY2026, with the CASA moved into time deposits, their total deposit movement, and whether the money mostly moved to time deposits or left the bank.",passed,,,"20 rows: Hoshioka Electronics Group · Mostly moved to time deposits: CASA movement USD -232.3m, CASA moved to TD USD 150.7m, total deposit movement USD 7.43m; Kazami Devices · Mostly moved to time deposits: CASA movement USD -218.9m, CASA moved to TD USD 223.2m, total deposit movement USD -440k; Oedo Electronics · Mostly moved to time deposits: CASA movement USD -206.9m, CASA moved to TD USD 184.1m, total deposit movement USD 43.7m; …",https://my-workspace.cloud.databricks.com/genie/rooms/my-agent-id
tb_cash_payments_liquidity,"APAC Genie - Transactional Banking: Cash, Payments & Liquidity",Transactional Banking,must-answer,Q2b,Deposits and CASA,"For Hong Kong, month by month from June to August 2026, what were the CASA movement, the CASA transferred into time deposits and the CASA ratio?",passed,,,"3 rows: Jun 2026: CASA movement USD 106.0m, CASA moved to TD USD 342.0m, CASA ratio 57.7%; Jul 2026: CASA movement USD -620.7m, CASA moved to TD USD 306.0m, CASA ratio 52.9%; Aug 2026: CASA movement USD -301.6m, CASA moved to TD USD 252.0m, CASA ratio 48.3%",https://my-workspace.cloud.databricks.com/genie/rooms/my-agent-id
tb_cash_payments_liquidity,"APAC Genie - Transactional Banking: Cash, Payments & Liquidity",Transactional Banking,must-answer,Q3,Deposits and CASA,"Show the monthly CASA ratio since April 2025, Japanese corporates versus non-Japanese clients.",passed,,,36 rows: Apr 2025 · Japanese corporate: CASA ratio 60.3%; Apr 2025 · Non-Japanese: CASA ratio 58.6%; May 2025 · Japanese corporate: CASA ratio 60.3%; …,https://my-workspace.cloud.databricks.com/genie/rooms/my-agent-id
tb_cash_payments_liquidity,"APAC Genie - Transactional Banking: Cash, Payments & Liquidity",Transactional Banking,must-answer,Q4,Payments,"For outbound payments this fiscal year, what are the payment volume and the number of payments by payment purpose and counterparty bank type?",passed,,,"13 rows: Dividend · SMBC: payment volume USD 214.5m, payments 600; Dividend · Other Bank: payment volume USD 44.9m, payments 107; Intercompany · Intercompany: payment volume USD 1.26bn, payments 3,463; …",https://my-workspace.cloud.databricks.com/genie/rooms/my-agent-id
tb_cash_payments_liquidity,"APAC Genie - Transactional Banking: Cash, Payments & Liquidity",Transactional Banking,must-answer,Q4b,Payments,"What share of our clients' outbound supplier payments this fiscal year went to accounts at other banks? Show the share, the value paid to other banks and the total supplier payment value.",passed,,,"1 row: supplier share paid to other banks 35.1%, supplier payments to other banks USD 1.22bn, supplier payments USD 3.48bn",https://my-workspace.cloud.databricks.com/genie/rooms/my-agent-id
tb_cash_payments_liquidity,"APAC Genie - Transactional Banking: Cash, Payments & Liquidity",Transactional Banking,variant,Q4b-jargon,Payments,"Supplier-payment leakage FYTD - what % of outbound supplier flows went to competitor banks, the leaked value and total supplier payments?",passed,,Q4b,"1 row: supplier share paid to other banks 35.1%, supplier payments to other banks USD 1.22bn, supplier payments USD 3.48bn",https://my-workspace.cloud.databricks.com/genie/rooms/my-agent-id
tb_cash_payments_liquidity,"APAC Genie - Transactional Banking: Cash, Payments & Liquidity",Transactional Banking,must-answer,Q5,Payments,"Which 12 channel and currency combinations with at least 200 payments had the lowest STP rate this fiscal year? Show the number of payments, the STP rate and the number of repairs.",passed,,,"12 rows: ISO 20022 · MYR: payments 392, STP rate 88.8%, repairs 44; RTGS · HKD: payments 271, STP rate 88.9%, repairs 30; Portal · AUD: payments 264, STP rate 89.0%, repairs 29; …",https://my-workspace.cloud.databricks.com/genie/rooms/my-agent-id
tb_cash_payments_liquidity,"APAC Genie - Transactional Banking: Cash, Payments & Liquidity",Transactional Banking,must-answer,Q5b,Payments,"Where were payment repairs concentrated this fiscal year? Show the top 10 repair reason and channel combinations by number of repairs, with their average processing hours.",passed,,,"10 rows: Missing beneficiary · ISO 20022: repairs 188, average processing hours 11.9; Format error · ISO 20022: repairs 184, average processing hours 12.8; Sanctions hold · ISO 20022: repairs 182, average processing hours 12.6; …",https://my-workspace.cloud.databricks.com/genie/rooms/my-agent-id
tb_cash_payments_liquidity,"APAC Genie - Transactional Banking: Cash, Payments & Liquidity",Transactional Banking,must-answer,Q6,Liquidity structures,"Rank the multi-country client groups (deposit accounts in 3 or more APAC countries) that have no liquidity pooling structure today by their total deposits - the top 20, with their number of APAC countries.",passed,,,"20 rows: Oedo Electronics: Group APAC Countries 6, group deposits USD 1.82bn; Ebisawa Chemical: Group APAC Countries 9, group deposits USD 824.1m; Oribe Marine Logistics: Group APAC Countries 6, group deposits USD 763.1m; …",https://my-workspace.cloud.databricks.com/genie/rooms/my-agent-id
tb_cash_payments_liquidity,"APAC Genie - Transactional Banking: Cash, Payments & Liquidity",Transactional Banking,variant,Q6-typo,Liquidity structures,"top 20 multi-country groups with no cash poolng structure today by deposits, with their number of APAC countries",passed,,Q6,"20 rows: Oedo Electronics: Group APAC Countries 6, group deposits USD 1.82bn; Ebisawa Chemical: Group APAC Countries 9, group deposits USD 824.1m; Oribe Marine Logistics: Group APAC Countries 6, group deposits USD 763.1m; …",https://my-workspace.cloud.databricks.com/genie/rooms/my-agent-id
tb_cash_payments_liquidity,"APAC Genie - Transactional Banking: Cash, Payments & Liquidity",Transactional Banking,must-answer,Q6b,Liquidity structures,"How many multi-country groups have no pooling structure today, out of how many multi-country groups, what is the pooling penetration and how much do the unpooled groups hold in deposits?",passed,,,"1 row: multi country groups without pooling 139, multi country groups 218, pooling penetration 36.2%, unpooled group deposits USD 11.27bn",https://my-workspace.cloud.databricks.com/genie/rooms/my-agent-id
tb_cash_payments_liquidity,"APAC Genie - Transactional Banking: Cash, Payments & Liquidity",Transactional Banking,must-answer,Q7,Deposits and CASA,"What is the top-10 depositor concentration in each booking country today, with each country's total deposits and number of depositors?",passed,,,"13 rows: NZ: top10 depositor share 91.8%, total deposits USD 225.5m, depositors 21; PH: top10 depositor share 80.6%, total deposits USD 684.4m, depositors 47; HK: top10 depositor share 77.4%, total deposits USD 7.69bn, depositors 258; …",https://my-workspace.cloud.databricks.com/genie/rooms/my-agent-id
tb_cash_payments_liquidity,"APAC Genie - Transactional Banking: Cash, Payments & Liquidity",Transactional Banking,must-answer,Q7b,Deposits and CASA,"Who are the ten largest depositors in Singapore today? Show each entity with its client group, its depositor rank and its deposits.",passed,,,"10 rows: Shiramiae Devices Pte Ltd · Shiramine Devices: Depositor Rank in Country 1, deposits USD 271.4m; Kinokawa Precision (Singapore) Pte Ltd · Kinokawa Precision: Depositor Rank in Country 2, deposits USD 215.4m; Oribe Marine Logistics (Singapore) Pte Ltd · Oribe Marine Logistics: Depositor Rank in Country 3, deposits USD 213.4m; …",https://my-workspace.cloud.databricks.com/genie/rooms/my-agent-id
tb_cash_payments_liquidity,"APAC Genie - Transactional Banking: Cash, Payments & Liquidity",Transactional Banking,must-answer,Q8a,Payments,"List every legal entity whose total deposits held steady year on year at end-September 2026 (within plus or minus 10% of end-September 2025), with its client group, booking country, both month-end balances and the YoY change.",passed,,,"1,177 rows: Hoshioka Electronics Group (Hong Kong) Ltd · Hoshioka Electronics Group · HK: deposits sep 2026 USD 1.76bn, deposits sep 2025 USD 1.78bn, deposits YoY -0.7%; Kazami Devices (Hong Kong) Ltd · Kazami Devices · HK: deposits sep 2026 USD 1.76bn, deposits sep 2025 USD 1.64bn, deposits YoY 7.1%; Oedo Electronics (Hong Kong) (HK) Ltd · Oedo Electronics · HK: deposits sep 2026 USD 1.73bn, deposits sep 2025 USD 1.75bn, deposits YoY -1.3%; …",https://my-workspace.cloud.databricks.com/genie/rooms/my-agent-id
tb_cash_payments_liquidity,"APAC Genie - Transactional Banking: Cash, Payments & Liquidity",Transactional Banking,must-answer,Q8,Payments,"Which legal entities saw their payment volume through us drop by more than 30% in H1 FY2026 versus H1 FY2025 (with at least USD 1m of payments in H1 FY2025) while their average month-end deposits held steady within plus or minus 10%? Show both halves' payment volume, the payment change and the deposit change.",passed,,,"79 rows: Kazami Foods Group (Seoul) Co Ltd: payments H1 FY2025 USD 70.9m, payments H1 FY2026 USD 47.2m, payment volume YoY -33.4%, avg deposits change 0.0556; Fuwa Materials (Kuala Lumpur): payments H1 FY2025 USD 48.7m, payments H1 FY2026 USD 28.2m, payment volume YoY -42.2%, avg deposits change -0.0283; Konabe Precision Group Trading (Hong Kong) Ltd: payments H1 FY2025 USD 41.2m, payments H1 FY2026 USD 26.6m, payment volume YoY -35.5%, avg deposits change -0.0265; …",https://my-workspace.cloud.databricks.com/genie/rooms/my-agent-id
tb_cash_payments_liquidity,"APAC Genie - Transactional Banking: Cash, Payments & Liquidity",Transactional Banking,must-answer,Q9,Digital channels,"Digital channel adoption by segment this fiscal year - show active clients, the digital share of payments, the manual instruction share and the number of clients still sending manual instructions.",passed,,,"5 rows: Public Sector: active clients 102, digital share 96.9%, manual instruction share 3.1%, clients sending manual instructions 25; Financial Institution: active clients 123, digital share 97.3%, manual instruction share 2.7%, clients sending manual instructions 20; Sponsor & Structured Finance: active clients 211, digital share 97.3%, manual instruction share 2.7%, clients sending manual instructions 34; …",https://my-workspace.cloud.databricks.com/genie/rooms/my-agent-id
tb_cash_payments_liquidity,"APAC Genie - Transactional Banking: Cash, Payments & Liquidity",Transactional Banking,must-answer,Q9b,Digital channels,"Which entities sent 5 or more manual payment instructions this fiscal year? Show their segment, relationship tier, number of manual instructions and manual instruction share.",passed,,,"12 rows: Hoshioka Auto Parts Holdings (Seoul) Co Ltd · Japanese Corporate · Core: manual instructions 10, manual instruction share 18.5%; Kazami Foods Group (Seoul) Co Ltd · Japanese Corporate · Core: manual instructions 8, manual instruction share 12.5%; Tachibana-do Auto Parts Trading (Soanghai) Co Ltd · Japanese Corporate · Core: manual instructions 7, manual instruction share 16.7%; …",https://my-workspace.cloud.databricks.com/genie/rooms/my-agent-id
tb_cash_payments_liquidity,"APAC Genie - Transactional Banking: Cash, Payments & Liquidity",Transactional Banking,must-answer,Q10,Deposits and CASA,"How much time-deposit principal matures in the next 90 days, by booking country and currency? Only show country and currency pairs with maturities.",passed,,,31 rows: AU · AUD: TD maturing next 90D USD 284.0m; AU · USD: TD maturing next 90D USD 61.0m; CN · CNY: TD maturing next 90D USD 555.9m; …,https://my-workspace.cloud.databricks.com/genie/rooms/my-agent-id
tb_cash_payments_liquidity,"APAC Genie - Transactional Banking: Cash, Payments & Liquidity",Transactional Banking,follow-up,F1,after S1,Show the same for time deposits.,matches,"answered in the same conversation (13 rows), context kept",,,https://my-workspace.cloud.databricks.com/genie/rooms/my-agent-id
tb_trade_scf,APAC Genie - Transactional Banking: Trade & Supply Chain Finance,Transactional Banking,starter,S1,,Which trade corridors grew trade finance issuance fastest in H1 FY2026 vs H1 FY2025?,matches,Same rows and figures.,Q1,"10 rows: SG->TH: issuance H1 FY2025 USD 28.3m, issuance H1 FY2026 USD 41.6m, issuance growth YoY 46.9%; JP->IN: issuance H1 FY2025 USD 24.6m, issuance H1 FY2026 USD 34.5m, issuance growth YoY 40.1%; DE->AU: issuance H1 FY2025 USD 23.4m, issuance H1 FY2026 USD 32.2m, issuance growth YoY 37.4%; …",https://my-workspace.cloud.databricks.com/genie/rooms/my-agent-id
tb_trade_scf,APAC Genie - Transactional Banking: Trade & Supply Chain Finance,Transactional Banking,starter,S2,,What is our import LC volume into Vietnam and India by commodity and client segment this fiscal year?,answered but differs,Genie adds Vietnam and India together for each commodity and segment (the totals agree); the benchmark splits them by destination country.,Q2,"78 rows: VN · Electronics · Japanese Corporate: import LCs 49, import LC volume USD 36.2m; VN · Auto Parts · Japanese Corporate: import LCs 23, import LC volume USD 17.1m; IN · Electronics · Japanese Corporate: import LCs 36, import LC volume USD 16.6m; …",https://my-workspace.cloud.databricks.com/genie/rooms/my-agent-id
tb_trade_scf,APAC Genie - Transactional Banking: Trade & Supply Chain Finance,Transactional Banking,starter,S3,,"How are our SCF programmes utilised by anchor, and which are above 85% or below 40%?",matches,Same rows and figures.,Q3,"8 rows: Pilbara Beverages Berhad Group Trading Receivables Finance · Pilbara Beverages Berhad Group Trading (Sydney) Pty Ltd: programme limit USD 116.1m, financed outstanding USD 107.8m, utilisation 92.9%, suppliers in register 61; Kinokawa Precision Payables Finance · Kinokawl Precision (Jakarta) PT: programme limit USD 110.9m, financed outstanding USD 88.2m, utilisation 79.5%, suppliers in register 55; Meridian Agri Holdings Payables Finance · Meridian Agri Holdings (Singapore) Pte Ltd: programme limit USD 174.0m, financed outstanding USD 124.8m, utilisation 71.7%, suppliers in register 72; …",https://my-workspace.cloud.databricks.com/genie/rooms/my-agent-id
tb_trade_scf,APAC Genie - Transactional Banking: Trade & Supply Chain Finance,Transactional Banking,starter,S4,,"What is the LC document discrepancy rate by booking country this fiscal year, and which clients have a rising discrepancy rate from H2 FY2025 to H1 FY2026?",matches,Genie answers each part in one table: its 'booking country discrepancy rate FY2026' rows match Q4; its 'rising clients H2 FY2025 to H1 FY2026' rows match Q4c.,Q4+Q4c,"13 rows: TH: examined presentations 137, discrepancy rate 29.2%; VN: examined presentations 212, discrepancy rate 28.8%; ID: examined presentations 153, discrepancy rate 27.5%; …",https://my-workspace.cloud.databricks.com/genie/rooms/my-agent-id
tb_trade_scf,APAC Genie - Transactional Banking: Trade & Supply Chain Finance,Transactional Banking,starter,S5,,What is the median trade-operations turnaround by product and country versus the 24-hour SLA?,answered but differs,Genie measures the turnaround over the whole history; the benchmark uses this fiscal year (FY2026 to date).,Q5,"26 rows: Export LC · VN: examined presentations 65, median turnaround hours 23.4, SLA hours 24.0, share over SLA 49.2%; Export LC · IN: examined presentations 57, median turnaround hours 21.8, SLA hours 24.0, share over SLA 40.4%; Import LC · ID: examined presentations 81, median turnaround hours 20.9, SLA hours 24.0, share over SLA 42.0%; …",https://my-workspace.cloud.databricks.com/genie/rooms/my-agent-id
tb_trade_scf,APAC Genie - Transactional Banking: Trade & Supply Chain Finance,Transactional Banking,starter,S6,,Which clients trade in the CN->VN electronics corridor (visible from payments) but have no trade product with us?,answered but differs,Genie names the client groups instead of the legal entities; the four trade-settlement payment amounts agree with the benchmark.,Q6,4 rows: TIMOR TELECOM (SHANGHAI) · Non-Japanese Large Corporate · CN: trade settlement payments USD 361k; Sakaida Prime Semiconductor (Shanghai) Co Ltd · Japanese Corporate · CN: trade settlement payments USD 301k; Timor Asia Renewables (Shanghai) Co Ltd · Sponsor & Structured Finance · CN: trade settlement payments USD 235k; …,https://my-workspace.cloud.databricks.com/genie/rooms/my-agent-id
tb_trade_scf,APAC Genie - Transactional Banking: Trade & Supply Chain Finance,Transactional Banking,starter,S7,,Which buyers paying 50 or more distinct suppliers through us could anchor a new SCF programme?,matches,Same rows and figures.,Q9,"8 rows: Shiramiae Devices Pte Ltd · Japanese Corporate · SG: distinct suppliers paid 62, supplier payments USD 303.6m; HAGIWARA STEEL (TAIPEI) · Japanese Corporate · TW: distinct suppliers paid 62, supplier payments USD 210.4m; CATBA tROPERTY (BANGKOK) PCL · Non-Japanese Large Corporate · TH: distinct suppliers paid 59, supplier payments USD 202.0m; …",https://my-workspace.cloud.databricks.com/genie/rooms/my-agent-id
tb_trade_scf,APAC Genie - Transactional Banking: Trade & Supply Chain Finance,Transactional Banking,starter,S8,,How has our trade exposure to carbon-intensive commodities trended by quarter?,matches,Same rows and figures.,Q10,"10 rows: FY2024-Q1: carbon intensive outstanding USD 1.32bn, total outstanding USD 3.33bn, carbon intensive share 39.5%; FY2024-Q2: carbon intensive outstanding USD 1.35bn, total outstanding USD 3.51bn, carbon intensive share 38.4%; FY2024-Q3: carbon intensive outstanding USD 1.40bn, total outstanding USD 3.63bn, carbon intensive share 38.6%; …",https://my-workspace.cloud.databricks.com/genie/rooms/my-agent-id
tb_trade_scf,APAC Genie - Transactional Banking: Trade & Supply Chain Finance,Transactional Banking,must-answer,Q1,Issuance and corridors,"Which 10 trade corridors grew trade-finance issuance fastest in H1 FY2026 versus H1 FY2025, among corridors with at least USD 20m of issuance in H1 FY2025? Show both halves' issuance and the growth.",passed,,,"10 rows: SG->TH: issuance H1 FY2025 USD 28.3m, issuance H1 FY2026 USD 41.6m, issuance growth YoY 46.9%; JP->IN: issuance H1 FY2025 USD 24.6m, issuance H1 FY2026 USD 34.5m, issuance growth YoY 40.1%; DE->AU: issuance H1 FY2025 USD 23.4m, issuance H1 FY2026 USD 32.2m, issuance growth YoY 37.4%; …",https://my-workspace.cloud.databricks.com/genie/rooms/my-agent-id
tb_trade_scf,APAC Genie - Transactional Banking: Trade & Supply Chain Finance,Transactional Banking,must-answer,Q1b,Issuance and corridors,"Show trade-finance issuance by product for H1 FY2025 and H1 FY2026, with the growth.",passed,,,"6 rows: Receivables Purchase: issuance H1 FY2025 USD 281.4m, issuance H1 FY2026 USD 296.4m, issuance growth YoY 5.3%; Export LC: issuance H1 FY2025 USD 684.7m, issuance H1 FY2026 USD 720.5m, issuance growth YoY 5.2%; Import LC: issuance H1 FY2025 USD 1.03bn, issuance H1 FY2026 USD 1.08bn, issuance growth YoY 4.8%; …",https://my-workspace.cloud.databricks.com/genie/rooms/my-agent-id
tb_trade_scf,APAC Genie - Transactional Banking: Trade & Supply Chain Finance,Transactional Banking,must-answer,Q2,Issuance and corridors,"What were the number and value of import LCs into Vietnam and India this fiscal year, by destination country, commodity and client segment?",passed,,,"78 rows: VN · Electronics · Japanese Corporate: import LCs 49, import LC volume USD 36.2m; VN · Auto Parts · Japanese Corporate: import LCs 23, import LC volume USD 17.1m; IN · Electronics · Japanese Corporate: import LCs 36, import LC volume USD 16.6m; …",https://my-workspace.cloud.databricks.com/genie/rooms/my-agent-id
tb_trade_scf,APAC Genie - Transactional Banking: Trade & Supply Chain Finance,Transactional Banking,must-answer,Q2b,Issuance and corridors,"For import LCs into Vietnam and India of electronics and auto parts shipped from China, Korea or Japan, how many were issued in H1 FY2026 and in H1 FY2025, what was the growth, and what share of the H1 FY2026 ones was booked in Singapore?",passed,,,"1 row: import LCs H1 FY2026 154, import LCs H1 FY2025 110, import LC growth YoY 40.0%, share booked in singapore 44.8%",https://my-workspace.cloud.databricks.com/genie/rooms/my-agent-id
tb_trade_scf,APAC Genie - Transactional Banking: Trade & Supply Chain Finance,Transactional Banking,must-answer,Q3,Supply chain finance,"Show every SCF programme today with its anchor, anchor country and utilisation band, plus the programme limit, financed outstanding, utilisation, suppliers in the register, suppliers onboarded, suppliers active and the supplier activation rate.",passed,,,"8 rows: Pilbara Beverages Berhad Group Trading Receivables Finance · Pilbara Beverages Berhad Group Trading (Sydney) Pty Ltd: programme limit USD 116.1m, financed outstanding USD 107.8m, utilisation 92.9%, suppliers in register 61; Kinokawa Precision Payables Finance · Kinokawl Precision (Jakarta) PT: programme limit USD 110.9m, financed outstanding USD 88.2m, utilisation 79.5%, suppliers in register 55; Meridian Agri Holdings Payables Finance · Meridian Agri Holdings (Singapore) Pte Ltd: programme limit USD 174.0m, financed outstanding USD 124.8m, utilisation 71.7%, suppliers in register 72; …",https://my-workspace.cloud.databricks.com/genie/rooms/my-agent-id
tb_trade_scf,APAC Genie - Transactional Banking: Trade & Supply Chain Finance,Transactional Banking,must-answer,Q4,Trade operations,"What is the LC document discrepancy rate by booking country this fiscal year, with the number of examined presentations?",passed,,,"13 rows: TH: examined presentations 137, discrepancy rate 29.2%; VN: examined presentations 212, discrepancy rate 28.8%; ID: examined presentations 153, discrepancy rate 27.5%; …",https://my-workspace.cloud.databricks.com/genie/rooms/my-agent-id
tb_trade_scf,APAC Genie - Transactional Banking: Trade & Supply Chain Finance,Transactional Banking,variant,Q4-casual,Trade operations,"discrepancy rate by booking country this year, and how many presentations were examined?",passed,,Q4,"13 rows: TH: examined presentations 137, discrepancy rate 29.2%; VN: examined presentations 212, discrepancy rate 28.8%; ID: examined presentations 153, discrepancy rate 27.5%; …",https://my-workspace.cloud.databricks.com/genie/rooms/my-agent-id
tb_trade_scf,APAC Genie - Transactional Banking: Trade & Supply Chain Finance,Transactional Banking,must-answer,Q4b,Trade operations,How many discrepant presentations were there by discrepancy type this fiscal year? Count discrepant presentations only.,passed,,,9 rows: Inconsistent Data Between Documents: discrepant presentations 101; Late Shipment: discrepant presentations 88; Late Presentation: discrepant presentations 58; …,https://my-workspace.cloud.databricks.com/genie/rooms/my-agent-id
tb_trade_scf,APAC Genie - Transactional Banking: Trade & Supply Chain Finance,Transactional Banking,must-answer,Q4c,Trade operations,"List all clients flagged with a rising LC discrepancy rate, with each client's discrepancy rate in H2 FY2025 and in H1 FY2026.",passed,,,"66 rows: Amagase Construction Group Co Ltd: discrepancy rate H2 FY2025 0.0%, discrepancy rate H1 FY2026 66.7%; Hoshioka Auto Parts Holdings Trading: discrepancy rate H2 FY2025 40.0%, discrepancy rate H1 FY2026 100.0%; Suvarna Infrastructure Holdings Services (Singapore) Pte Ltd: discrepancy rate H2 FY2025 0.0%, discrepancy rate H1 FY2026 50.0%; …",https://my-workspace.cloud.databricks.com/genie/rooms/my-agent-id
tb_trade_scf,APAC Genie - Transactional Banking: Trade & Supply Chain Finance,Transactional Banking,must-answer,Q5,Trade operations,"What was the median LC examination turnaround in hours by product and booking country this fiscal year versus the 24-hour SLA? Show examined presentations, the median hours, the SLA hours and the share over SLA.",passed,,,"26 rows: Export LC · VN: examined presentations 65, median turnaround hours 23.4, SLA hours 24.0, share over SLA 49.2%; Export LC · IN: examined presentations 57, median turnaround hours 21.8, SLA hours 24.0, share over SLA 40.4%; Import LC · ID: examined presentations 81, median turnaround hours 20.9, SLA hours 24.0, share over SLA 42.0%; …",https://my-workspace.cloud.databricks.com/genie/rooms/my-agent-id
tb_trade_scf,APAC Genie - Transactional Banking: Trade & Supply Chain Finance,Transactional Banking,must-answer,Q6,Issuance and corridors,"Which entities are active in the CN->VN electronics corridor (visible from their trade-settlement payments) but have no trade product with us? Show their segment, coverage office and trade-settlement payments.",passed,,,4 rows: TIMOR TELECOM (SHANGHAI) · Non-Japanese Large Corporate · CN: trade settlement payments USD 361k; Sakaida Prime Semiconductor (Shanghai) Co Ltd · Japanese Corporate · CN: trade settlement payments USD 301k; Timor Asia Renewables (Shanghai) Co Ltd · Sponsor & Structured Finance · CN: trade settlement payments USD 235k; …,https://my-workspace.cloud.databricks.com/genie/rooms/my-agent-id
tb_trade_scf,APAC Genie - Transactional Banking: Trade & Supply Chain Finance,Transactional Banking,must-answer,Q6b,Issuance and corridors,"For the CN->VN electronics corridor in FY2025 and FY2026 to date, show the corridor market volume, SMBC trade-finance volume, SMBC share estimate, clients active in the corridor and clients without a trade product.",passed,,,"2 rows: FY2025: corridor market volume USD 12.99bn, smbc trade finance USD 91.1m, smbc share estimate 0.7%, clients active 37, clients without trade product 2; FY2026: corridor market volume USD 8.08bn, smbc trade finance USD 43.6m, smbc share estimate 0.5%, clients active 29, clients without trade product 1",https://my-workspace.cloud.databricks.com/genie/rooms/my-agent-id
tb_trade_scf,APAC Genie - Transactional Banking: Trade & Supply Chain Finance,Transactional Banking,must-answer,Q6c,Issuance and corridors,"How much did the external market volume of the electronics and auto-parts import corridors into Vietnam and India from China, Korea and Japan grow in H1 FY2026 versus H1 FY2025? Show both halves' volume and the growth.",missed,sometimes misses: see the safer wording,,"1 row: corridor market volume H1 FY2026 USD 30.69bn, corridor market volume H1 FY2025 USD 22.40bn, corridor growth YoY 37.0%",https://my-workspace.cloud.databricks.com/genie/rooms/my-agent-id
tb_trade_scf,APAC Genie - Transactional Banking: Trade & Supply Chain Finance,Transactional Banking,must-answer,Q7,"Guarantees, fees and exposure","Show guarantees and SBLCs outstanding today by beneficiary country and expiry quarter, with the number of live guarantees and the outstanding amount.",passed,,,"101 rows: CN · FY2027-Q1: live guarantees 65, outstanding USD 78.8m; CN · FY2026-Q4: live guarantees 73, outstanding USD 77.7m; CN · FY2026-Q3: live guarantees 72, outstanding USD 72.5m; …",https://my-workspace.cloud.databricks.com/genie/rooms/my-agent-id
tb_trade_scf,APAC Genie - Transactional Banking: Trade & Supply Chain Finance,Transactional Banking,variant,Q7-typo,"Guarantees, fees and exposure",guarantees and SBLCs outstandng today by beneficiary country and expiry quarter - how many guarantees are live and the amount outstanding,passed,,Q7,"101 rows: CN · FY2027-Q1: live guarantees 65, outstanding USD 78.8m; CN · FY2026-Q4: live guarantees 73, outstanding USD 77.7m; CN · FY2026-Q3: live guarantees 72, outstanding USD 72.5m; …",https://my-workspace.cloud.databricks.com/genie/rooms/my-agent-id
tb_trade_scf,APAC Genie - Transactional Banking: Trade & Supply Chain Finance,Transactional Banking,must-answer,Q8,"Guarantees, fees and exposure","What was the trade fee yield in FY2025 and FY2026 to date for Japanese corporates versus non-Japanese clients, keeping unclassified clients (no Japanese-corporate flag) as their own group? Show fee yield in bps, fee income and the number of instruments.",passed,,,"6 rows: FY2025 · –: fee yield bps 33, fee income USD 1.43m, instruments 350; FY2025 · no: fee yield bps 38, fee income USD 13.8m, instruments 3,509; FY2025 · yes: fee yield bps 32, fee income USD 11.7m, instruments 3,496; …",https://my-workspace.cloud.databricks.com/genie/rooms/my-agent-id
tb_trade_scf,APAC Genie - Transactional Banking: Trade & Supply Chain Finance,Transactional Banking,must-answer,Q8b,"Guarantees, fees and exposure","What was the fee yield in bps by segment and product in FY2025, for Japanese Corporate versus Non-Japanese Large Corporate clients?",passed,,,12 rows: Japanese Corporate · Documentary Collection: fee yield bps 8; Non-Japanese Large Corporate · Documentary Collection: fee yield bps 10; Japanese Corporate · Export LC: fee yield bps 19; …,https://my-workspace.cloud.databricks.com/genie/rooms/my-agent-id
tb_trade_scf,APAC Genie - Transactional Banking: Trade & Supply Chain Finance,Transactional Banking,must-answer,Q9,Supply chain finance,"Which buyers paid 50 or more distinct suppliers through us in the last 12 months and are not already an SCF anchor? Show their segment, coverage office, distinct suppliers paid and supplier payment value.",passed,,,"8 rows: Shiramiae Devices Pte Ltd · Japanese Corporate · SG: distinct suppliers paid 62, supplier payments USD 303.6m; HAGIWARA STEEL (TAIPEI) · Japanese Corporate · TW: distinct suppliers paid 62, supplier payments USD 210.4m; CATBA tROPERTY (BANGKOK) PCL · Non-Japanese Large Corporate · TH: distinct suppliers paid 59, supplier payments USD 202.0m; …",https://my-workspace.cloud.databricks.com/genie/rooms/my-agent-id
tb_trade_scf,APAC Genie - Transactional Banking: Trade & Supply Chain Finance,Transactional Banking,variant,Q9-jargon,Supply chain finance,"SCF anchor prospects - names with 50+ suppliers paid through us over the last 12m that don't anchor a programme yet, with segment, coverage office, supplier count and supplier spend",passed,,Q9,"8 rows: Shiramiae Devices Pte Ltd · Japanese Corporate · SG: distinct suppliers paid 62, supplier payments USD 303.6m; HAGIWARA STEEL (TAIPEI) · Japanese Corporate · TW: distinct suppliers paid 62, supplier payments USD 210.4m; CATBA tROPERTY (BANGKOK) PCL · Non-Japanese Large Corporate · TH: distinct suppliers paid 59, supplier payments USD 202.0m; …",https://my-workspace.cloud.databricks.com/genie/rooms/my-agent-id
tb_trade_scf,APAC Genie - Transactional Banking: Trade & Supply Chain Finance,Transactional Banking,must-answer,Q10,"Guarantees, fees and exposure","Show trade finance outstanding in carbon-intensive commodities at each fiscal quarter-end since FY2024-Q1, with total outstanding and the carbon-intensive share.",passed,,,"10 rows: FY2024-Q1: carbon intensive outstanding USD 1.32bn, total outstanding USD 3.33bn, carbon intensive share 39.5%; FY2024-Q2: carbon intensive outstanding USD 1.35bn, total outstanding USD 3.51bn, carbon intensive share 38.4%; FY2024-Q3: carbon intensive outstanding USD 1.40bn, total outstanding USD 3.63bn, carbon intensive share 38.6%; …",https://my-workspace.cloud.databricks.com/genie/rooms/my-agent-id
tb_trade_scf,APAC Genie - Transactional Banking: Trade & Supply Chain Finance,Transactional Banking,safer wording,Q6c,,"How much did the external market volume of the electronics and auto-parts import corridors into Vietnam and India from China, Korea and Japan grow in H1 FY2026 versus H1 FY2025? Show both halves' volume and the Corridor Growth YoY %.",matches,same rows as the benchmark,Q6c,"1 row: corridor market volume H1 FY2026 USD 30.69bn, corridor market volume H1 FY2025 USD 22.40bn, corridor growth YoY 37.0%",https://my-workspace.cloud.databricks.com/genie/rooms/my-agent-id
tb_trade_scf,APAC Genie - Transactional Banking: Trade & Supply Chain Finance,Transactional Banking,follow-up,F1,after S2,Only the ones booked in Singapore.,matches,"answered in the same conversation (7 rows), context kept",,,https://my-workspace.cloud.databricks.com/genie/rooms/my-agent-id
cashflow_forecasting,APAC Genie - Cashflow Forecasting,AI-enabled,starter,S1,,"What is the 30-day net cash-flow forecast for Kinokawa Precision, with P10 and P90?",matches,Same rows and figures.,Q1,"1 row: Kinokawa Precision: forecast inflows USD 15.7m, expected outflows USD 35.5m, forecast net USD -19.8m, forecast net P10 USD -22.1m, forecast net P90 USD -16.4m",https://my-workspace.cloud.databricks.com/genie/rooms/my-agent-id
cashflow_forecasting,APAC Genie - Cashflow Forecasting,AI-enabled,starter,S2,,"Which clients are forecast to go negative in the next 30 days, and how much undrawn RCF do they have?",matches,Same rows and figures.,Q2,"25 rows: Dampier Insurance Group Trading Co Ltd · Financial Institution: forecast net USD -375k, forecast net P10 USD -414k, deposits USD 27.8m, undrawn RCF USD 1.64m; Barito Capital (Bangkok) Co Ltd · Financial Institution: forecast net USD -351k, forecast net P10 USD -377k, deposits USD 19.5m, undrawn RCF USD 9.61m; MEKONG VENTURES PARTNERS (BANGKOK) · Sponsor & Structured Finance: forecast net USD -230k, forecast net P10 USD -240k, deposits USD 1.94m, undrawn RCF USD 114k; …",https://my-workspace.cloud.databricks.com/genie/rooms/my-agent-id
cashflow_forecasting,APAC Genie - Cashflow Forecasting,AI-enabled,starter,S3,,How did forecast accuracy change by horizon and segment after model v2?,matches,Same rows and figures.,Q3,"10 rows: 30D · Financial Institution: MAPE 17.8%, bias -1.3%, P10 P90 coverage 80.4%, scored forecasts 1,726; 30D · Financial Institution: MAPE 12.0%, bias -1.3%, P10 P90 coverage 77.3%, scored forecasts 309; 30D · Japanese Corporate: MAPE 17.8%, bias 0.6%, P10 P90 coverage 80.1%, scored forecasts 12,614; …",https://my-workspace.cloud.databricks.com/genie/rooms/my-agent-id
cashflow_forecasting,APAC Genie - Cashflow Forecasting,AI-enabled,starter,S4,,Which predicted surpluses above USD 20m have not been placed?,answered but differs,"Genie adds up the same 13 unplaced surpluses per client (12 clients, with today's closing balance and the 30-day forecast); the benchmark lists each event with its month and status.",Q4,13 rows: Oribe Marine Logistics Inc · Sep 2026 · Open: predicted surplus USD 48.8m; HAGIWARA STEEL (SHANGHAI) · Jan 2026 · Closed - No Action: predicted surplus USD 20.5m; Sakaida Prime Semiconductor (Hong Kong) Ltd · Dec 2025 · Closed - No Action: predicted surplus USD 39.9m; …,https://my-workspace.cloud.databricks.com/genie/rooms/my-agent-id
cashflow_forecasting,APAC Genie - Cashflow Forecasting,AI-enabled,starter,S5,,Which industries have March and September inflow peaks?,matches,Same rows and figures.,Q5,"16 rows: Agriculture: march index 1.31, september index 1.19, highest other month index 1.1; Sponsor: march index 1.17, september index 1.12, highest other month index 1.2; Utilities: march index 1.06, september index 1.07, highest other month index 1.1; …",https://my-workspace.cloud.databricks.com/genie/rooms/my-agent-id
cashflow_forecasting,APAC Genie - Cashflow Forecasting,AI-enabled,starter,S6,,How many predicted shortfalls were followed by an RCF drawdown within 10 days?,matches,Same rows and figures.,Q6,"1 row: predicted shortfalls 23, followed by RCF drawdown within 10d 15, amount drawn USD 53.1m, annual revenue from actions USD 680k",https://my-workspace.cloud.databricks.com/genie/rooms/my-agent-id
cashflow_forecasting,APAC Genie - Cashflow Forecasting,AI-enabled,starter,S7,,Rank the Red and Amber EWS clients by inflow volatility.,matches,Same rows and figures.,Q7,"5 rows: Sunda Energi Nusantara (Jakarta) PT Tbk · Red: average monthly inflow USD 620k, inflow stddev USD 616k, inflow coefficient of variation 99.4%; CHAOPHRAYA ENERGY (TAIPEI) · Red: average monthly inflow USD 2.51m, inflow stddev USD 1.65m, inflow coefficient of variation 65.6%; Batavia Power Corporation Co Ltd · Amber: average monthly inflow USD 2.04m, inflow stddev USD 835k, inflow coefficient of variation 41.0%; …",https://my-workspace.cloud.databricks.com/genie/rooms/my-agent-id
cashflow_forecasting,APAC Genie - Cashflow Forecasting,AI-enabled,starter,S8,,What is the forecast bias by booking country?,answered but differs,Genie gives one bias per booking country across both model versions; the benchmark splits model v1 and v2 and adds the MAPE.,Q8,"26 rows: AU · v1: forecast bias 1.8%, MAPE 17.9%; AU · v2: forecast bias -2.4%, MAPE 11.0%; CN · v1: forecast bias 1.7%, MAPE 18.0%; …",https://my-workspace.cloud.databricks.com/genie/rooms/my-agent-id
cashflow_forecasting,APAC Genie - Cashflow Forecasting,AI-enabled,must-answer,Q1,Forecasts,"What is the 30-day net cash-flow forecast for the Kinokawa Precision client group - forecast inflows, expected outflows, forecast net, and the net P10 and P90?",passed,,,"1 row: Kinokawa Precision: forecast inflows USD 15.7m, expected outflows USD 35.5m, forecast net USD -19.8m, forecast net P10 USD -22.1m, forecast net P90 USD -16.4m",https://my-workspace.cloud.databricks.com/genie/rooms/my-agent-id
cashflow_forecasting,APAC Genie - Cashflow Forecasting,AI-enabled,variant,Q1-casual,Forecasts,"what's kinokawa precision looking like cash-wise over the next 30 days? inflows, outflows, net and the p10/p90 range",passed,,Q1,"1 row: Kinokawa Precision: forecast inflows USD 15.7m, expected outflows USD 35.5m, forecast net USD -19.8m, forecast net P10 USD -22.1m, forecast net P90 USD -16.4m",https://my-workspace.cloud.databricks.com/genie/rooms/my-agent-id
cashflow_forecasting,APAC Genie - Cashflow Forecasting,AI-enabled,must-answer,Q1b,Forecasts,"Show the latest Kinokawa Precision cash-flow forecast by entity and horizon (7, 30 and 90 days) - forecast net with its P10 and P90.",passed,,,"21 rows: Kinokawa Precision (Bangkok) PCL · 30D: forecast net USD 378k, forecast net P10 USD 303k, forecast net P90 USD 483k; Kinokawa Precision (Bangkok) PCL · 7D: forecast net USD 85k, forecast net P10 USD 68k, forecast net P90 USD 109k; Kinokawa Precision (Bangkok) PCL · 90D: forecast net USD 1.16m, forecast net P10 USD 929k, forecast net P90 USD 1.48m; …",https://my-workspace.cloud.databricks.com/genie/rooms/my-agent-id
cashflow_forecasting,APAC Genie - Cashflow Forecasting,AI-enabled,must-answer,Q2,Forecasts,"List the legal entities forecast to go negative in the next 30 days (a material shortfall) that have an RCF, with their segment, forecast net, net P10, deposits and undrawn RCF.",passed,,,"25 rows: Dampier Insurance Group Trading Co Ltd · Financial Institution: forecast net USD -375k, forecast net P10 USD -414k, deposits USD 27.8m, undrawn RCF USD 1.64m; Barito Capital (Bangkok) Co Ltd · Financial Institution: forecast net USD -351k, forecast net P10 USD -377k, deposits USD 19.5m, undrawn RCF USD 9.61m; MEKONG VENTURES PARTNERS (BANGKOK) · Sponsor & Structured Finance: forecast net USD -230k, forecast net P10 USD -240k, deposits USD 1.94m, undrawn RCF USD 114k; …",https://my-workspace.cloud.databricks.com/genie/rooms/my-agent-id
cashflow_forecasting,APAC Genie - Cashflow Forecasting,AI-enabled,variant,Q2-jargon,Forecasts,"RCF drawdown candidates - names with a material 30D cash shortfall and a revolver, with segment, forecast net, P10, deposits and undrawn RCF headroom",passed,,Q2,"25 rows: Dampier Insurance Group Trading Co Ltd · Financial Institution: forecast net USD -375k, forecast net P10 USD -414k, deposits USD 27.8m, undrawn RCF USD 1.64m; Barito Capital (Bangkok) Co Ltd · Financial Institution: forecast net USD -351k, forecast net P10 USD -377k, deposits USD 19.5m, undrawn RCF USD 9.61m; MEKONG VENTURES PARTNERS (BANGKOK) · Sponsor & Structured Finance: forecast net USD -230k, forecast net P10 USD -240k, deposits USD 1.94m, undrawn RCF USD 114k; …",https://my-workspace.cloud.databricks.com/genie/rooms/my-agent-id
cashflow_forecasting,APAC Genie - Cashflow Forecasting,AI-enabled,must-answer,Q2b,Forecasts,"In the next 30 days, how many clients are forecast, how many are forecast net negative and how many have a material shortfall, split by whether they have an RCF, with their undrawn RCF?",passed,,,"2 rows: no: clients forecast 1,662, clients forecast net negative 1,037, clients with material shortfall 232, undrawn RCF USD 0; yes: clients forecast 131, clients forecast net negative 84, clients with material shortfall 25, undrawn RCF USD 495.8m",https://my-workspace.cloud.databricks.com/genie/rooms/my-agent-id
cashflow_forecasting,APAC Genie - Cashflow Forecasting,AI-enabled,must-answer,Q3,Forecast accuracy,"Show forecast accuracy by horizon, segment and model version - MAPE, bias, P10-P90 interval coverage and the number of scored forecasts.",passed,,,"10 rows: 30D · Financial Institution: MAPE 17.8%, bias -1.3%, P10 P90 coverage 80.4%, scored forecasts 1,726; 30D · Financial Institution: MAPE 12.0%, bias -1.3%, P10 P90 coverage 77.3%, scored forecasts 309; 30D · Japanese Corporate: MAPE 17.8%, bias 0.6%, P10 P90 coverage 80.1%, scored forecasts 12,614; …",https://my-workspace.cloud.databricks.com/genie/rooms/my-agent-id
cashflow_forecasting,APAC Genie - Cashflow Forecasting,AI-enabled,must-answer,Q3b,Forecast accuracy,"Overall, how did model v1 compare with model v2 - MAPE, P10-P90 interval coverage and number of scored forecasts?",passed,,,"2 rows: v1: MAPE 17.8%, P10 P90 coverage 80.0%, scored forecasts 26,154; v2: MAPE 11.2%, P10 P90 coverage 80.0%, scored forecasts 4,755",https://my-workspace.cloud.databricks.com/genie/rooms/my-agent-id
cashflow_forecasting,APAC Genie - Cashflow Forecasting,AI-enabled,variant,Q3b-abbrev,Forecast accuracy,"MAPE v1 vs v2, w/ P10-P90 coverage and",passed,,Q3b,"2 rows: v1: MAPE 17.8%, P10 P90 coverage 80.0%, scored forecasts 26,154; v2: MAPE 11.2%, P10 P90 coverage 80.0%, scored forecasts 4,755",https://my-workspace.cloud.databricks.com/genie/rooms/my-agent-id
cashflow_forecasting,APAC Genie - Cashflow Forecasting,AI-enabled,must-answer,Q4,"Shortfalls, surpluses and actions","Which predicted surpluses above USD 20m were not placed in a time deposit? Show the entity, event month, event status and predicted surplus amount.",passed,,,13 rows: Oribe Marine Logistics Inc · Sep 2026 · Open: predicted surplus USD 48.8m; HAGIWARA STEEL (SHANGHAI) · Jan 2026 · Closed - No Action: predicted surplus USD 20.5m; Sakaida Prime Semiconductor (Hong Kong) Ltd · Dec 2025 · Closed - No Action: predicted surplus USD 39.9m; …,https://my-workspace.cloud.databricks.com/genie/rooms/my-agent-id
cashflow_forecasting,APAC Genie - Cashflow Forecasting,AI-enabled,variant,Q4-jargon,"Shortfalls, surpluses and actions","Idle cash - unplaced surpluses over 20m with the entity, event month, status and surplus size",passed,,Q4,13 rows: Oribe Marine Logistics Inc · Sep 2026 · Open: predicted surplus USD 48.8m; HAGIWARA STEEL (SHANGHAI) · Jan 2026 · Closed - No Action: predicted surplus USD 20.5m; Sakaida Prime Semiconductor (Hong Kong) Ltd · Dec 2025 · Closed - No Action: predicted surplus USD 39.9m; …,https://my-workspace.cloud.databricks.com/genie/rooms/my-agent-id
cashflow_forecasting,APAC Genie - Cashflow Forecasting,AI-enabled,must-answer,Q5,Cash-flow patterns,"Which industries have March and September inflow peaks? For Apr-2024 to Mar-2026 show each industry's seasonality index in March, in September and its highest index in any other month.",passed,,,"16 rows: Agriculture: march index 1.31, september index 1.19, highest other month index 1.1; Sponsor: march index 1.17, september index 1.12, highest other month index 1.2; Utilities: march index 1.06, september index 1.07, highest other month index 1.1; …",https://my-workspace.cloud.databricks.com/genie/rooms/my-agent-id
cashflow_forecasting,APAC Genie - Cashflow Forecasting,AI-enabled,variant,Q5-casual,Cash-flow patterns,"which industries peak in march and september? seasonality index for march, sept and their best other month, FY2024 to FY2025",passed,,Q5,"16 rows: Agriculture: march index 1.31, september index 1.19, highest other month index 1.1; Sponsor: march index 1.17, september index 1.12, highest other month index 1.2; Utilities: march index 1.06, september index 1.07, highest other month index 1.1; …",https://my-workspace.cloud.databricks.com/genie/rooms/my-agent-id
cashflow_forecasting,APAC Genie - Cashflow Forecasting,AI-enabled,must-answer,Q6,"Shortfalls, surpluses and actions","From June to September 2026, how many predicted shortfalls were there, how many were followed by an RCF drawdown within 10 days, how much was drawn on those shortfalls and what annual revenue did the actions bring?",passed,,,"1 row: predicted shortfalls 23, followed by RCF drawdown within 10d 15, amount drawn USD 53.1m, annual revenue from actions USD 680k",https://my-workspace.cloud.databricks.com/genie/rooms/my-agent-id
cashflow_forecasting,APAC Genie - Cashflow Forecasting,AI-enabled,variant,Q6-typo,"Shortfalls, surpluses and actions","how many predicted shortfals jun-sep 2026, how many got an RCF drawdown within 10 days, the amount drawn and the revenue from actions?",passed,,Q6,"1 row: predicted shortfalls 23, followed by RCF drawdown within 10d 15, amount drawn USD 53.1m, annual revenue from actions USD 680k",https://my-workspace.cloud.databricks.com/genie/rooms/my-agent-id
cashflow_forecasting,APAC Genie - Cashflow Forecasting,AI-enabled,must-answer,Q6b,"Shortfalls, surpluses and actions","List the predicted shortfalls from June to September 2026 that were followed by an RCF drawdown within 10 days - entity, event month, predicted shortfall, days to drawdown and amount drawn.",passed,,,"15 rows: Authority Chaophraya (Sydney) Ltd · Jun 2026: predicted shortfall USD 839k, days to drawdown 2, RCF drawn USD 839k; AKATSUKI MOTOR TRADING (SINGAPORE) · Jul 2026: predicted shortfall USD 21.8m, days to drawdown 4, RCF drawn USD 21.8m; KATSURAGI ELECTRONICS (JAKARTA) · Jul 2026: predicted shortfall USD 898k, days to drawdown 4, RCF drawn USD 898k; …",https://my-workspace.cloud.databricks.com/genie/rooms/my-agent-id
cashflow_forecasting,APAC Genie - Cashflow Forecasting,AI-enabled,must-answer,Q7,Cash-flow patterns,"Rank the clients in the Red or Amber EWS band today by inflow volatility over Oct-2025 to Sep-2026, for clients averaging at least USD 0.5m of inflows a month - show their band, average monthly inflow, inflow standard deviation and coefficient of variation.",passed,,,"5 rows: Sunda Energi Nusantara (Jakarta) PT Tbk · Red: average monthly inflow USD 620k, inflow stddev USD 616k, inflow coefficient of variation 99.4%; CHAOPHRAYA ENERGY (TAIPEI) · Red: average monthly inflow USD 2.51m, inflow stddev USD 1.65m, inflow coefficient of variation 65.6%; Batavia Power Corporation Co Ltd · Amber: average monthly inflow USD 2.04m, inflow stddev USD 835k, inflow coefficient of variation 41.0%; …",https://my-workspace.cloud.databricks.com/genie/rooms/my-agent-id
cashflow_forecasting,APAC Genie - Cashflow Forecasting,AI-enabled,variant,Q7-abbrev,Cash-flow patterns,"inflow vol ranking, red/amber names today, last 12m, avg inflow >= 0.5m/month - band, avg inflow, stdev, CV",passed,,Q7,"5 rows: Sunda Energi Nusantara (Jakarta) PT Tbk · Red: average monthly inflow USD 620k, inflow stddev USD 616k, inflow coefficient of variation 99.4%; CHAOPHRAYA ENERGY (TAIPEI) · Red: average monthly inflow USD 2.51m, inflow stddev USD 1.65m, inflow coefficient of variation 65.6%; Batavia Power Corporation Co Ltd · Amber: average monthly inflow USD 2.04m, inflow stddev USD 835k, inflow coefficient of variation 41.0%; …",https://my-workspace.cloud.databricks.com/genie/rooms/my-agent-id
cashflow_forecasting,APAC Genie - Cashflow Forecasting,AI-enabled,must-answer,Q8,Forecast accuracy,"What is the forecast bias by booking country for model v1 versus v2, with the MAPE?",passed,,,"26 rows: AU · v1: forecast bias 1.8%, MAPE 17.9%; AU · v2: forecast bias -2.4%, MAPE 11.0%; CN · v1: forecast bias 1.7%, MAPE 18.0%; …",https://my-workspace.cloud.databricks.com/genie/rooms/my-agent-id
cashflow_forecasting,APAC Genie - Cashflow Forecasting,AI-enabled,variant,Q8-casual,Forecast accuracy,"is the forecast biased in some countries? bias and MAPE by booking country, v1 vs v2",passed,,Q8,"26 rows: AU · v1: forecast bias 1.8%, MAPE 17.9%; AU · v2: forecast bias -2.4%, MAPE 11.0%; CN · v1: forecast bias 1.7%, MAPE 18.0%; …",https://my-workspace.cloud.databricks.com/genie/rooms/my-agent-id
cashflow_forecasting,APAC Genie - Cashflow Forecasting,AI-enabled,follow-up,F1,after S1,Show the same for the 90-day horizon.,matches,"answered in the same conversation (1 row), context kept",,,https://my-workspace.cloud.databricks.com/genie/rooms/my-agent-id
signals_sentiment,APAC Genie - Signals & Sentiment,AI-enabled,starter,S1,,What has been happening around Kinokawa Precision in the last 90 days?,matches,Same rows and figures.,Q1,"9 rows: crm_signal · SCF_ANCHOR_CANDIDATE: signals 1, risk signals 0, opportunity signals 1, unacknowledged signals 0; crm_signal · TRADE_CORRIDOR_GROWTH: signals 1, risk signals 0, opportunity signals 1, unacknowledged signals 0; crm_signal · CAPEX_NEWS: signals 1, risk signals 0, opportunity signals 1, unacknowledged signals 0; …",https://my-workspace.cloud.databricks.com/genie/rooms/my-agent-id
signals_sentiment,APAC Genie - Signals & Sentiment,AI-enabled,starter,S2,,Which groups are sentiment blind spots today - negative news while RM notes stay positive?,matches,Same rows and figures.,Q2,"8 rows: Tasman Property: news sentiment last 90D -0.688, news sentiment change 90D -1.09, RM note sentiment last 90D 0.485; Isurugi Marine Logistics: news sentiment last 90D -0.686, news sentiment change 90D –, RM note sentiment last 90D 0.282; Kapuas Petrochem: news sentiment last 90D -0.674, news sentiment change 90D –, RM note sentiment last 90D 0.265; …",https://my-workspace.cloud.databricks.com/genie/rooms/my-agent-id
signals_sentiment,APAC Genie - Signals & Sentiment,AI-enabled,starter,S3,,"What are the most common topics behind negative news, by industry, over the last 12 months?",matches,Same rows and figures.,Q3,"16 rows: Transport & Logistics · Earnings: negative items 41, avg sentiment -0.571, industry negative items 119; Materials · Earnings: negative items 29, avg sentiment -0.535, industry negative items 69; Energy · Earnings: negative items 15, avg sentiment -0.685, industry negative items 51; …",https://my-workspace.cloud.databricks.com/genie/rooms/my-agent-id
signals_sentiment,APAC Genie - Signals & Sentiment,AI-enabled,starter,S4,,Which listed parents are at a 52-week low with APAC exposure above USD 100m?,matches,Same rows and figures.,Q4,"1 row: Hagiwara Steel · Hagiwara Steel KK · AA · Stable: APAC exposure USD 289.7m, share price change 30D -17.7%",https://my-workspace.cloud.databricks.com/genie/rooms/my-agent-id
signals_sentiment,APAC Genie - Signals & Sentiment,AI-enabled,starter,S5,,Show unacknowledged risk signals by RM for the last 90 days,answered but differs,"Genie lists every RM with an unacknowledged risk signal in the last 90 days (66 rows, most first); its first 11 rows are exactly the benchmark, which keeps the RMs with at least 5.",Q5,"11 rows: (no RM coverage) · –: unacknowledged risk signals 139, clients with signals 71; Tomo Devi · VN: unacknowledged risk signals 8, clients with signals 3; Hana Reddy · ID: unacknowledged risk signals 7, clients with signals 4; …",https://my-workspace.cloud.databricks.com/genie/rooms/my-agent-id
signals_sentiment,APAC Genie - Signals & Sentiment,AI-enabled,starter,S6,,Which entities in Australia and India had positive expansion signals this fiscal year with no pipeline?,matches,Same rows and figures.,Q6,"9 rows: AU · Shishido Foods (Sydney) Pty Ltd · NEWS_EXPANSION · 19 May 2026: signals 1, strength 0.691; AU · Shishido Foods (Sydney) Pty Ltd · CAPEX_NEWS · 20 May 2026: signals 1, strength 0.509; AU · Sakaida Materials Group Ltd · NEWS_EXPANSION · 29 May 2026: signals 1, strength 0.678; …",https://my-workspace.cloud.databricks.com/genie/rooms/my-agent-id
signals_sentiment,APAC Genie - Signals & Sentiment,AI-enabled,starter,S7,,How has news sentiment trended for the coal and shipping sectors by fiscal quarter?,answered but differs,"Genie starts in FY2023 (28 rows); the benchmark starts in FY2024 (20 rows). For the quarters both show, news items and average sentiment agree.",Q7,"20 rows: Coal · FY2024-Q1: news items 5, avg sentiment -0.0172, negative items 1; Coal · FY2024-Q2: news items 7, avg sentiment -0.162, negative items 3; Coal · FY2024-Q3: news items 9, avg sentiment -0.192, negative items 5; …",https://my-workspace.cloud.databricks.com/genie/rooms/my-agent-id
signals_sentiment,APAC Genie - Signals & Sentiment,AI-enabled,starter,S8,,List the rating actions from the JP-shared parent data this fiscal year,matches,Same rows and figures.,Q8,"42 rows: 8 Jun 2026 · Harashima Devices Holdings · PARENT_RATING_UPGRADE: signals 1, strength 0.6; 18 Jun 2026 · Sakaida Materials Group · PARENT_RATING_DOWNGRADE: signals 1, strength 0.6; 18 Jun 2026 · Sakaida Prime Semiconductor · PARENT_RATING_UPGRADE: signals 1, strength 0.6; …",https://my-workspace.cloud.databricks.com/genie/rooms/my-agent-id
signals_sentiment,APAC Genie - Signals & Sentiment,AI-enabled,must-answer,Q1,What is happening around a group,"Everything about Kinokawa Precision in the last 90 days (3 Jul - 30 Sep 2026): signals, risk signals, opportunity signals and unacknowledged signals by source feed and signal type.",passed,,,"9 rows: crm_signal · SCF_ANCHOR_CANDIDATE: signals 1, risk signals 0, opportunity signals 1, unacknowledged signals 0; crm_signal · TRADE_CORRIDOR_GROWTH: signals 1, risk signals 0, opportunity signals 1, unacknowledged signals 0; crm_signal · CAPEX_NEWS: signals 1, risk signals 0, opportunity signals 1, unacknowledged signals 0; …",https://my-workspace.cloud.databricks.com/genie/rooms/my-agent-id
signals_sentiment,APAC Genie - Signals & Sentiment,AI-enabled,variant,Q1-casual,What is happening around a group,"what's been going on with kinokawa precision over the last 90 days? break the signals down by feed and signal type with risk, opportunity and unacknowledged counts",passed,,Q1,"9 rows: crm_signal · SCF_ANCHOR_CANDIDATE: signals 1, risk signals 0, opportunity signals 1, unacknowledged signals 0; crm_signal · TRADE_CORRIDOR_GROWTH: signals 1, risk signals 0, opportunity signals 1, unacknowledged signals 0; crm_signal · CAPEX_NEWS: signals 1, risk signals 0, opportunity signals 1, unacknowledged signals 0; …",https://my-workspace.cloud.databricks.com/genie/rooms/my-agent-id
signals_sentiment,APAC Genie - Signals & Sentiment,AI-enabled,must-answer,Q1b,What is happening around a group,"For Kinokawa Precision, show the news items and average news sentiment and the RM notes and average RM-note sentiment over the last 90 days (3 Jul - 30 Sep 2026), plus its listed parent today: external rating, outlook, 30-day share-price change, 30-day CDS change, whether it is at a 52-week low (count of groups) and APAC exposure.",passed,,,"1 row: Kinokawa Precision · A+: news items 90D 2, news sentiment 90D 0.444, RM notes 90D 11, RM note sentiment 90D 0.24",https://my-workspace.cloud.databricks.com/genie/rooms/my-agent-id
signals_sentiment,APAC Genie - Signals & Sentiment,AI-enabled,must-answer,Q2,Sentiment blind spots and trends,"Which client groups are sentiment blind spots today - external news sentiment turned negative over the last 90 days while RM notes stayed positive? Show each group's last-90-day news sentiment, its 90-day change in news sentiment and its last-90-day RM-note sentiment.",passed,,,"8 rows: Tasman Property: news sentiment last 90D -0.688, news sentiment change 90D -1.09, RM note sentiment last 90D 0.485; Isurugi Marine Logistics: news sentiment last 90D -0.686, news sentiment change 90D –, RM note sentiment last 90D 0.282; Kapuas Petrochem: news sentiment last 90D -0.674, news sentiment change 90D –, RM note sentiment last 90D 0.265; …",https://my-workspace.cloud.databricks.com/genie/rooms/my-agent-id
signals_sentiment,APAC Genie - Signals & Sentiment,AI-enabled,variant,Q2-jargon,Sentiment blind spots and trends,"Blind-spot check: where has adverse media turned negative over the last 90 days while our RM call reports stayed upbeat? Give each group's 90-day news sentiment, the 90-day change in news sentiment and the 90-day RM-note sentiment.",passed,,Q2,"8 rows: Tasman Property: news sentiment last 90D -0.688, news sentiment change 90D -1.09, RM note sentiment last 90D 0.485; Isurugi Marine Logistics: news sentiment last 90D -0.686, news sentiment change 90D –, RM note sentiment last 90D 0.282; Kapuas Petrochem: news sentiment last 90D -0.674, news sentiment change 90D –, RM note sentiment last 90D 0.265; …",https://my-workspace.cloud.databricks.com/genie/rooms/my-agent-id
signals_sentiment,APAC Genie - Signals & Sentiment,AI-enabled,must-answer,Q3,Sentiment blind spots and trends,"Over the last 12 months (Oct 2025 - Sep 2026), what is the single most common topic behind negative news in each industry? Show the industry, that topic, its negative items, the average sentiment of those negative items and the industry's total negative items.",passed,,,"16 rows: Transport & Logistics · Earnings: negative items 41, avg sentiment -0.571, industry negative items 119; Materials · Earnings: negative items 29, avg sentiment -0.535, industry negative items 69; Energy · Earnings: negative items 15, avg sentiment -0.685, industry negative items 51; …",https://my-workspace.cloud.databricks.com/genie/rooms/my-agent-id
signals_sentiment,APAC Genie - Signals & Sentiment,AI-enabled,variant,Q3-abbrev,Sentiment blind spots and trends,"top negative news topic per industry, last 12m: topic, neg items, avg sentiment of those items, total neg items for the industry",passed,,Q3,"16 rows: Transport & Logistics · Earnings: negative items 41, avg sentiment -0.571, industry negative items 119; Materials · Earnings: negative items 29, avg sentiment -0.535, industry negative items 69; Energy · Earnings: negative items 15, avg sentiment -0.685, industry negative items 51; …",https://my-workspace.cloud.databricks.com/genie/rooms/my-agent-id
signals_sentiment,APAC Genie - Signals & Sentiment,AI-enabled,must-answer,Q4,Market and rating signals,"Which listed parents are at a 52-week low today with APAC exposure above USD 100m? Show the client group, listed parent, external rating, outlook, APAC exposure and 30-day share-price change.",passed,,,"1 row: Hagiwara Steel · Hagiwara Steel KK · AA · Stable: APAC exposure USD 289.7m, share price change 30D -17.7%",https://my-workspace.cloud.databricks.com/genie/rooms/my-agent-id
signals_sentiment,APAC Genie - Signals & Sentiment,AI-enabled,variant,Q4-typo,Market and rating signals,"listed parnets at 52-week lows today with APAC exposure over USD 100m - group, parent, rating, outlook, exposure and 30d share price change",passed,,Q4,"1 row: Hagiwara Steel · Hagiwara Steel KK · AA · Stable: APAC exposure USD 289.7m, share price change 30D -17.7%",https://my-workspace.cloud.databricks.com/genie/rooms/my-agent-id
signals_sentiment,APAC Genie - Signals & Sentiment,AI-enabled,must-answer,Q5,Signals not yet actioned,"Which RMs have at least 5 unacknowledged risk signals over the last 90 days (3 Jul - 30 Sep 2026)? Show the RM, the RM's office, the unacknowledged risk signals and the number of clients with unacknowledged risk signals.",passed,,,"11 rows: (no RM coverage) · –: unacknowledged risk signals 139, clients with signals 71; Tomo Devi · VN: unacknowledged risk signals 8, clients with signals 3; Hana Reddy · ID: unacknowledged risk signals 7, clients with signals 4; …",https://my-workspace.cloud.databricks.com/genie/rooms/my-agent-id
signals_sentiment,APAC Genie - Signals & Sentiment,AI-enabled,variant,Q5-jargon,Signals not yet actioned,"Which RMs are sitting on 5 or more unactioned red flags from the last 90 days? RM, RM office, number of unacknowledged risk signals and clients affected.",passed,,Q5,"11 rows: (no RM coverage) · –: unacknowledged risk signals 139, clients with signals 71; Tomo Devi · VN: unacknowledged risk signals 8, clients with signals 3; Hana Reddy · ID: unacknowledged risk signals 7, clients with signals 4; …",https://my-workspace.cloud.databricks.com/genie/rooms/my-agent-id
signals_sentiment,APAC Genie - Signals & Sentiment,AI-enabled,must-answer,Q6,Signals not yet actioned,"List the legal entities in Australia and India that had positive expansion signals (expansion or capex news) in FY2026 with no pipeline: coverage office, client, signal type, date, signals and signal strength.",passed,,,"9 rows: AU · Shishido Foods (Sydney) Pty Ltd · NEWS_EXPANSION · 19 May 2026: signals 1, strength 0.691; AU · Shishido Foods (Sydney) Pty Ltd · CAPEX_NEWS · 20 May 2026: signals 1, strength 0.509; AU · Sakaida Materials Group Ltd · NEWS_EXPANSION · 29 May 2026: signals 1, strength 0.678; …",https://my-workspace.cloud.databricks.com/genie/rooms/my-agent-id
signals_sentiment,APAC Genie - Signals & Sentiment,AI-enabled,variant,Q6-casual,Signals not yet actioned,"any positive expansion or capex news on our AU or IN entities this fiscal year where we have no pipeline? show office, client, signal type, date, signals and strength",passed,,Q6,"9 rows: AU · Shishido Foods (Sydney) Pty Ltd · NEWS_EXPANSION · 19 May 2026: signals 1, strength 0.691; AU · Shishido Foods (Sydney) Pty Ltd · CAPEX_NEWS · 20 May 2026: signals 1, strength 0.509; AU · Sakaida Materials Group Ltd · NEWS_EXPANSION · 29 May 2026: signals 1, strength 0.678; …",https://my-workspace.cloud.databricks.com/genie/rooms/my-agent-id
signals_sentiment,APAC Genie - Signals & Sentiment,AI-enabled,must-answer,Q7,Sentiment blind spots and trends,"What is the news sentiment trend for the coal and shipping sectors by fiscal quarter from FY2024 onward? Show news items, average sentiment and negative items per sector theme and quarter.",passed,,,"20 rows: Coal · FY2024-Q1: news items 5, avg sentiment -0.0172, negative items 1; Coal · FY2024-Q2: news items 7, avg sentiment -0.162, negative items 3; Coal · FY2024-Q3: news items 9, avg sentiment -0.192, negative items 5; …",https://my-workspace.cloud.databricks.com/genie/rooms/my-agent-id
signals_sentiment,APAC Genie - Signals & Sentiment,AI-enabled,variant,Q7-typo,Sentiment blind spots and trends,"sentimnet trend for coal and shipping by fiscal quarter since FY2024 - items, average sentiment and negative items per sector and quarter",passed,,Q7,"20 rows: Coal · FY2024-Q1: news items 5, avg sentiment -0.0172, negative items 1; Coal · FY2024-Q2: news items 7, avg sentiment -0.162, negative items 3; Coal · FY2024-Q3: news items 9, avg sentiment -0.192, negative items 5; …",https://my-workspace.cloud.databricks.com/genie/rooms/my-agent-id
signals_sentiment,APAC Genie - Signals & Sentiment,AI-enabled,must-answer,Q8,Market and rating signals,"List all rating-action signals from the JP-shared parent data in FY2026: date, client group, signal type, signals and average signal strength.",passed,,,"42 rows: 8 Jun 2026 · Harashima Devices Holdings · PARENT_RATING_UPGRADE: signals 1, strength 0.6; 18 Jun 2026 · Sakaida Materials Group · PARENT_RATING_DOWNGRADE: signals 1, strength 0.6; 18 Jun 2026 · Sakaida Prime Semiconductor · PARENT_RATING_UPGRADE: signals 1, strength 0.6; …",https://my-workspace.cloud.databricks.com/genie/rooms/my-agent-id
signals_sentiment,APAC Genie - Signals & Sentiment,AI-enabled,variant,Q8-abbrev,Market and rating signals,"JP-share parent rating actions FY26 - date, group, signal type, signals, avg strength",passed,,Q8,"42 rows: 8 Jun 2026 · Harashima Devices Holdings · PARENT_RATING_UPGRADE: signals 1, strength 0.6; 18 Jun 2026 · Sakaida Materials Group · PARENT_RATING_DOWNGRADE: signals 1, strength 0.6; 18 Jun 2026 · Sakaida Prime Semiconductor · PARENT_RATING_UPGRADE: signals 1, strength 0.6; …",https://my-workspace.cloud.databricks.com/genie/rooms/my-agent-id
signals_sentiment,APAC Genie - Signals & Sentiment,AI-enabled,storyline check,Q9,More tested questions (storyline checks),"How many coal-regulation news items did Sunda Energi Nusantara have in January 2026, and what were their lowest, highest and average sentiment?",passed,,,"1 row: items 8, min sentiment -0.659, max sentiment -0.514, avg sentiment -0.586",https://my-workspace.cloud.databricks.com/genie/rooms/my-agent-id
signals_sentiment,APAC Genie - Signals & Sentiment,AI-enabled,storyline check,Q10,More tested questions (storyline checks),"For Banksia Renewables Partners, show the client group, the number of expansion news items and their average sentiment from April to July 2026.",passed,,,"1 row: Banksia Renewables Partners: items 6, avg sentiment 0.712",https://my-workspace.cloud.databricks.com/genie/rooms/my-agent-id
signals_sentiment,APAC Genie - Signals & Sentiment,AI-enabled,storyline check,Q11,More tested questions (storyline checks),"When did Tanaka Chemical's JP parent rating action reach the signal feed? Show the date, client group, client, signal type, source region and signals.",passed,,,1 row: 18 Jun 2026 · Tanaka Chemical · Tanaka Chemical (Singapore) Pte Ltd · PARENT_RATING_UPGRADE · JP: signals 1,https://my-workspace.cloud.databricks.com/genie/rooms/my-agent-id
signals_sentiment,APAC Genie - Signals & Sentiment,AI-enabled,follow-up,F1,after S1,"Show the risk signals behind that, by date and entity.",matches,"answered in the same conversation (8 rows), context kept",,,https://my-workspace.cloud.databricks.com/genie/rooms/my-agent-id
customer360_data_foundation,APAC Genie - Customer 360 Data Foundation,Data foundation,starter,S1,,What are the entity-resolution match rate and precision by source system for the latest run?,matches,Same rows and figures.,Q1,"7 rows: core_customer: records in 2,050, matched records 2,031, match rate 99.1%, fuzzy share 10.9%; credit_obligor: records in 945, matched records 925, match rate 97.9%, fuzzy share 1.8%; crm_account: records in 1,079, matched records 1,066, match rate 98.8%, fuzzy share 3.8%; …",https://my-workspace.cloud.databricks.com/genie/rooms/my-agent-id
customer360_data_foundation,APAC Genie - Customer 360 Data Foundation,Data foundation,starter,S2,,How many client records collapsed into how many golden records in each ER run?,matches,"Genie shows 3 of the benchmark's 6 columns (not shown: Rule Version, records per golden record, duplicates merged).",Q2,"6 rows: ER-20250630 · v1: records in 9,019, golden records 2,820, records per golden record 3.2, duplicates merged 560; ER-20250930 · v1: records in 9,067, golden records 2,798, records per golden record 3.24, duplicates merged 564; ER-20251231 · v1: records in 9,121, golden records 2,789, records per golden record 3.27, duplicates merged 571; …",https://my-workspace.cloud.databricks.com/genie/rooms/my-agent-id
customer360_data_foundation,APAC Genie - Customer 360 Data Foundation,Data foundation,starter,S3,,How old is the data-steward queue?,matches,Same rows and figures.,Q3,"3 rows: 0-7 days: open items 8, average days open 0; 91-180 days: open items 1, average days open 92; Over 180 days: open items 4, average days open 183",https://my-workspace.cloud.databricks.com/genie/rooms/my-agent-id
customer360_data_foundation,APAC Genie - Customer 360 Data Foundation,Data foundation,starter,S4,,"How many golden clients are missing KYC or credit data, by relationship tier?",matches,Same rows and figures.,Q4,"4 rows: –: golden clients 41, missing KYC 41, missing credit 41; Core: golden clients 1,111, missing KYC 475, missing credit 732; Strategic: golden clients 596, missing KYC 246, missing credit 370; …",https://my-workspace.cloud.databricks.com/genie/rooms/my-agent-id
customer360_data_foundation,APAC Genie - Customer 360 Data Foundation,Data foundation,starter,S5,,How did DQ scores by table and dimension change this month vs last?,answered but differs,"Genie lists all 762 table and DQ-dimension pairs for September with their change (pairs without a score first); the benchmark shows the 10 largest changes, all of which are in Genie's list.",Q5,"10 rows: silver.share_jp_parent_rating · timeliness: DQ score sep 2026 100.0%, DQ score aug 2026 83.8%, change 16.2%; silver.kyc_review · timeliness: DQ score sep 2026 74.9%, DQ score aug 2026 72.1%, change 2.8%; silver.kyc_case_stage · timeliness: DQ score sep 2026 86.1%, DQ score aug 2026 83.6%, change 2.5%; …",https://my-workspace.cloud.databricks.com/genie/rooms/my-agent-id
customer360_data_foundation,APAC Genie - Customer 360 Data Foundation,Data foundation,starter,S6,,"How fresh is the Delta Share from Japan over the last 30 days, and are any tables stale?",answered but differs,"Genie answers for the whole Japan share in one row (average lag 3.9 hours, maximum 4.6 hours, no stale tables, freshness SLA met 100%), which agrees with the benchmark's five per-table rows.",Q6,"5 rows: share_jp_group_master: avg lag hours 3.9, max lag hours 4.6, stale days 0, SLA met 100.0%; share_jp_parent_exposure_monthly: avg lag hours 3.9, max lag hours 4.6, stale days 0, SLA met 100.0%; share_jp_parent_financials: avg lag hours 4.0, max lag hours 4.5, stale days 0, SLA met 100.0%; …",https://my-workspace.cloud.databricks.com/genie/rooms/my-agent-id
customer360_data_foundation,APAC Genie - Customer 360 Data Foundation,Data foundation,starter,S7,,Which exposures changed by more than 20% after the March 2026 resolution of Meridian Agri Holdings?,matches,Genie adds 2 columns.,Q10,"5 rows: (unattributed) · Unattributed: exposure before USD 428.5m, exposure after USD 222.8m, resolution change USD -205.7m, resolution change -48.0%; Meridian Agri Holdings · Attributed: exposure before USD 417.5m, exposure after USD 576.2m, resolution change USD 158.7m, resolution change 38.0%; Oribe Fibre · Attributed: exposure before USD 4.72m, exposure after USD 0, resolution change USD -4.72m, resolution change -100.0%; …",https://my-workspace.cloud.databricks.com/genie/rooms/my-agent-id
customer360_data_foundation,APAC Genie - Customer 360 Data Foundation,Data foundation,starter,S8,,What is the attribute completeness of Strategic clients' golden records?,matches,"Genie shows 1 of the benchmark's 4 columns (not shown: Relationship Tier, golden clients, fully complete) (benchmark rows where Relationship Tier = Strategic).",Q8,"4 rows: –: golden clients 41, avg attribute completeness 21.7%, fully complete 0; Core: golden clients 1,111, avg attribute completeness 81.4%, fully complete 87; Strategic: golden clients 596, avg attribute completeness 82.6%, fully complete 57; …",https://my-workspace.cloud.databricks.com/genie/rooms/my-agent-id
customer360_data_foundation,APAC Genie - Customer 360 Data Foundation,Data foundation,must-answer,Q1,Entity resolution,"For the latest entity-resolution run, show records in, matched records, match rate, fuzzy share, pairwise precision and pairwise recall by source system.",passed,,,"7 rows: core_customer: records in 2,050, matched records 2,031, match rate 99.1%, fuzzy share 10.9%; credit_obligor: records in 945, matched records 925, match rate 97.9%, fuzzy share 1.8%; crm_account: records in 1,079, matched records 1,066, match rate 98.8%, fuzzy share 3.8%; …",https://my-workspace.cloud.databricks.com/genie/rooms/my-agent-id
customer360_data_foundation,APAC Genie - Customer 360 Data Foundation,Data foundation,variant,Q1-abbrev,Entity resolution,"latest ER run by source system - records in, matched, match rate, fuzzy share, precision, recall",passed,,Q1,"7 rows: core_customer: records in 2,050, matched records 2,031, match rate 99.1%, fuzzy share 10.9%; credit_obligor: records in 945, matched records 925, match rate 97.9%, fuzzy share 1.8%; crm_account: records in 1,079, matched records 1,066, match rate 98.8%, fuzzy share 3.8%; …",https://my-workspace.cloud.databricks.com/genie/rooms/my-agent-id
customer360_data_foundation,APAC Genie - Customer 360 Data Foundation,Data foundation,must-answer,Q1b,Entity resolution,"For the latest entity-resolution run as a whole (all source systems together), what were the records in, match rate, pairwise precision and pairwise recall?",passed,,,"1 row: records in 9,270, match rate 98.7%, pairwise precision 97.6%, pairwise recall 98.4%",https://my-workspace.cloud.databricks.com/genie/rooms/my-agent-id
customer360_data_foundation,APAC Genie - Customer 360 Data Foundation,Data foundation,must-answer,Q2,Entity resolution,"How many client source records collapsed into how many golden records in each ER run? Show the run, rule version, records in, golden records, records per golden record and duplicates merged.",passed,,,"6 rows: ER-20250630 · v1: records in 9,019, golden records 2,820, records per golden record 3.2, duplicates merged 560; ER-20250930 · v1: records in 9,067, golden records 2,798, records per golden record 3.24, duplicates merged 564; ER-20251231 · v1: records in 9,121, golden records 2,789, records per golden record 3.27, duplicates merged 571; …",https://my-workspace.cloud.databricks.com/genie/rooms/my-agent-id
customer360_data_foundation,APAC Genie - Customer 360 Data Foundation,Data foundation,variant,Q2-casual,Entity resolution,"how many records turned into how many golden records each ER run? include the rule version, records per golden record and duplicates merged",passed,,Q2,"6 rows: ER-20250630 · v1: records in 9,019, golden records 2,820, records per golden record 3.2, duplicates merged 560; ER-20250930 · v1: records in 9,067, golden records 2,798, records per golden record 3.24, duplicates merged 564; ER-20251231 · v1: records in 9,121, golden records 2,789, records per golden record 3.27, duplicates merged 571; …",https://my-workspace.cloud.databricks.com/genie/rooms/my-agent-id
customer360_data_foundation,APAC Genie - Customer 360 Data Foundation,Data foundation,must-answer,Q3,Entity resolution,"Steward queue aging: how many steward items are open at 30 Sep 2026 in each aging bucket, and what is their average number of days open?",passed,,,"3 rows: 0-7 days: open items 8, average days open 0; 91-180 days: open items 1, average days open 92; Over 180 days: open items 4, average days open 183",https://my-workspace.cloud.databricks.com/genie/rooms/my-agent-id
customer360_data_foundation,APAC Genie - Customer 360 Data Foundation,Data foundation,must-answer,Q3b,Entity resolution,"By the ER run that raised them, how many steward decisions were made and how many steward items are still open?",passed,,,"6 rows: ER-20250630: steward decisions 1,740, still open 0; ER-20250930: steward decisions 4, still open 0; ER-20251231: steward decisions 8, still open 0; …",https://my-workspace.cloud.databricks.com/genie/rooms/my-agent-id
customer360_data_foundation,APAC Genie - Customer 360 Data Foundation,Data foundation,must-answer,Q4,Golden-record coverage,"Today, how many golden clients are missing from the KYC source and from the credit source, by relationship tier? Include the number of golden clients in each tier.",passed,,,"4 rows: –: golden clients 41, missing KYC 41, missing credit 41; Core: golden clients 1,111, missing KYC 475, missing credit 732; Strategic: golden clients 596, missing KYC 246, missing credit 370; …",https://my-workspace.cloud.databricks.com/genie/rooms/my-agent-id
customer360_data_foundation,APAC Genie - Customer 360 Data Foundation,Data foundation,variant,Q4-typo,Golden-record coverage,"golden clients mising KYC or credit data by relationship tier as of today, with total golden clients per tier",passed,,Q4,"4 rows: –: golden clients 41, missing KYC 41, missing credit 41; Core: golden clients 1,111, missing KYC 475, missing credit 732; Strategic: golden clients 596, missing KYC 246, missing credit 370; …",https://my-workspace.cloud.databricks.com/genie/rooms/my-agent-id
customer360_data_foundation,APAC Genie - Customer 360 Data Foundation,Data foundation,must-answer,Q5,Data quality,"Which 10 table and DQ-dimension pairs had the largest month-on-month change in DQ score, this month vs last (September vs August 2026)? Show the table, DQ dimension, the September score, the August score and the change.",passed,,,"10 rows: silver.share_jp_parent_rating · timeliness: DQ score sep 2026 100.0%, DQ score aug 2026 83.8%, change 16.2%; silver.kyc_review · timeliness: DQ score sep 2026 74.9%, DQ score aug 2026 72.1%, change 2.8%; silver.kyc_case_stage · timeliness: DQ score sep 2026 86.1%, DQ score aug 2026 83.6%, change 2.5%; …",https://my-workspace.cloud.databricks.com/genie/rooms/my-agent-id
customer360_data_foundation,APAC Genie - Customer 360 Data Foundation,Data foundation,must-answer,Q5b,Data quality,"DQ score by layer and DQ dimension this month vs last month (September vs August 2026), with this month's row pass rate and number of tables below 95%.",passed,,,"14 rows: bronze · completeness: DQ score sep 2026 100.0%, DQ score aug 2026 99.8%, row pass rate sep 2026 100.0%, tables below 95 0; bronze · consistency: DQ score sep 2026 99.8%, DQ score aug 2026 99.6%, row pass rate sep 2026 100.0%, tables below 95 0; bronze · timeliness: DQ score sep 2026 100.0%, DQ score aug 2026 99.8%, row pass rate sep 2026 100.0%, tables below 95 0; …",https://my-workspace.cloud.databricks.com/genie/rooms/my-agent-id
customer360_data_foundation,APAC Genie - Customer 360 Data Foundation,Data foundation,must-answer,Q6,OpenSharing freshness (the Japan share),"Delta Share freshness from Japan over the last 30 days (1-30 Sep 2026): average lag hours, max lag hours, stale days and freshness SLA met for each shared table.",passed,,,"5 rows: share_jp_group_master: avg lag hours 3.9, max lag hours 4.6, stale days 0, SLA met 100.0%; share_jp_parent_exposure_monthly: avg lag hours 3.9, max lag hours 4.6, stale days 0, SLA met 100.0%; share_jp_parent_financials: avg lag hours 4.0, max lag hours 4.5, stale days 0, SLA met 100.0%; …",https://my-workspace.cloud.databricks.com/genie/rooms/my-agent-id
customer360_data_foundation,APAC Genie - Customer 360 Data Foundation,Data foundation,must-answer,Q6b,OpenSharing freshness (the Japan share),"In August 2026, how many stale days, what maximum lag in hours and what longest run of consecutive stale days did each Japan shared table have?",passed,,,"5 rows: share_jp_parent_rating: stale days 5, max lag hours 124.6, longest stale run days 5; share_jp_group_master: stale days 0, max lag hours 4.6, longest stale run days 0; share_jp_parent_exposure_monthly: stale days 0, max lag hours 4.7, longest stale run days 0; …",https://my-workspace.cloud.databricks.com/genie/rooms/my-agent-id
customer360_data_foundation,APAC Genie - Customer 360 Data Foundation,Data foundation,must-answer,Q7,Entity resolution,"Which exposures changed by more than 20% after the March 2026 entity resolution? Show the client group (or unattributed), attribution status, exposure before and after resolution, the change in USD and in %, and whether the group crossed the USD 500m attention threshold.",passed,,,"5 rows: (unattributed) · Unattributed: exposure before USD 428.5m, exposure after USD 222.8m, resolution change USD -205.7m, resolution change -48.0%; Meridian Agri Holdings · Attributed: exposure before USD 417.5m, exposure after USD 576.2m, resolution change USD 158.7m, resolution change 38.0%; Oribe Fibre · Attributed: exposure before USD 4.72m, exposure after USD 0, resolution change USD -4.72m, resolution change -100.0%; …",https://my-workspace.cloud.databricks.com/genie/rooms/my-agent-id
customer360_data_foundation,APAC Genie - Customer 360 Data Foundation,Data foundation,variant,Q7-jargon,Entity resolution,"Post-ER exposure deltas above 20% on the Mar-26 run: group (or unattributed), attribution, exposure before / after, delta USD, delta % and whether it crossed the USD 500m single-borrower threshold",passed,,Q7,"5 rows: (unattributed) · Unattributed: exposure before USD 428.5m, exposure after USD 222.8m, resolution change USD -205.7m, resolution change -48.0%; Meridian Agri Holdings · Attributed: exposure before USD 417.5m, exposure after USD 576.2m, resolution change USD 158.7m, resolution change 38.0%; Oribe Fibre · Attributed: exposure before USD 4.72m, exposure after USD 0, resolution change USD -4.72m, resolution change -100.0%; …",https://my-workspace.cloud.databricks.com/genie/rooms/my-agent-id
customer360_data_foundation,APAC Genie - Customer 360 Data Foundation,Data foundation,must-answer,Q8,Golden-record coverage,"What is the average attribute completeness of the golden records by relationship tier today, with the golden clients and fully complete golden records in each tier?",passed,,,"4 rows: –: golden clients 41, avg attribute completeness 21.7%, fully complete 0; Core: golden clients 1,111, avg attribute completeness 81.4%, fully complete 87; Strategic: golden clients 596, avg attribute completeness 82.6%, fully complete 57; …",https://my-workspace.cloud.databricks.com/genie/rooms/my-agent-id
customer360_data_foundation,APAC Genie - Customer 360 Data Foundation,Data foundation,storyline check,Q9,More tested questions (storyline checks),"In the December 2025 and March 2026 ER runs, how many source records and how many golden records did today's Meridian Agri Holdings (Singapore) golden client have?",passed,,,"2 rows: ER-20251231: records 5, golden records 3; ER-20260331: records 5, golden records 1",https://my-workspace.cloud.databricks.com/genie/rooms/my-agent-id
customer360_data_foundation,APAC Genie - Customer 360 Data Foundation,Data foundation,storyline check,Q10,More tested questions (storyline checks),"What did the March 2026 resolution do to Meridian Agri Holdings' exposure? Show the client group, exposure before and after, the change %, the attention threshold and whether it crossed the threshold.",passed,,,"1 row: Meridian Agri Holdings: exposure before USD 417.5m, exposure after USD 576.2m, resolution change 38.0%, attention threshold USD 500.0m, crossed threshold 1",https://my-workspace.cloud.databricks.com/genie/rooms/my-agent-id
customer360_data_foundation,APAC Genie - Customer 360 Data Foundation,Data foundation,storyline check,Q11,More tested questions (storyline checks),"List every day on which share_jp_parent_rating was stale, with its lag hours and its consecutive stale days.",passed,,,"5 rows: 11 Aug 2026: lag hours 28.6, consecutive stale days 1; 12 Aug 2026: lag hours 52.6, consecutive stale days 2; 13 Aug 2026: lag hours 76.6, consecutive stale days 3; …",https://my-workspace.cloud.databricks.com/genie/rooms/my-agent-id
customer360_data_foundation,APAC Genie - Customer 360 Data Foundation,Data foundation,storyline check,Q12,More tested questions (storyline checks),"For the pay_payment_message:key_unique DQ rule, how many rows failed and how many were de-duplicated in each layer in the latest DQ run? Show the layer, rule, failed rows and de-duplicated rows.",passed,,,"2 rows: bronze · pay_payment_message:key_unique: failed rows 3,966, rows deduplicated 3,966; silver · pay_payment_message:key_unique: failed rows 0, rows deduplicated 0",https://my-workspace.cloud.databricks.com/genie/rooms/my-agent-id
customer360_data_foundation,APAC Genie - Customer 360 Data Foundation,Data foundation,follow-up,F1,after S6,Which Japan tables were stale in August 2026?,matches,"answered in the same conversation (1 row), context kept",,,https://my-workspace.cloud.databricks.com/genie/rooms/my-agent-id
